Period,Serie,VÃ¤rde
2010-04-01,1 EUR,9.7365
2010-04-06,1 EUR,9.6585
2010-04-07,1 EUR,9.646
2010-04-08,1 EUR,9.7035
2010-04-09,1 EUR,9.664
2010-04-12,1 EUR,9.7595
2010-04-13,1 EUR,9.7735
2010-04-14,1 EUR,9.746
2010-04-15,1 EUR,9.703
2010-04-16,1 EUR,9.688
2010-04-19,1 EUR,9.728
2010-04-20,1 EUR,9.6635
2010-04-21,1 EUR,9.6255
2010-04-22,1 EUR,9.6285
2010-04-23,1 EUR,9.613
2010-04-26,1 EUR,9.5815
2010-04-27,1 EUR,9.5835
2010-04-28,1 EUR,9.65
2010-04-29,1 EUR,9.636
2010-04-30,1 EUR,9.609
2010-05-03,1 EUR,9.6385
2010-05-04,1 EUR,9.5865
2010-05-05,1 EUR,9.6315
2010-05-06,1 EUR,9.7345
2010-05-07,1 EUR,9.855
2010-05-10,1 EUR,9.6875
2010-05-11,1 EUR,9.6235
2010-05-12,1 EUR,9.613
2010-05-14,1 EUR,9.5575
2010-05-17,1 EUR,9.5865
2010-05-18,1 EUR,9.5575
2010-05-19,1 EUR,9.5825
2010-05-20,1 EUR,9.6825
2010-05-21,1 EUR,9.8595
2010-05-24,1 EUR,9.767
2010-05-25,1 EUR,9.827
2010-05-26,1 EUR,9.781
2010-05-27,1 EUR,9.6685
2010-05-28,1 EUR,9.6755
2010-05-31,1 EUR,9.6325
2010-06-01,1 EUR,9.6385
2010-06-02,1 EUR,9.558
2010-06-03,1 EUR,9.522
2010-06-04,1 EUR,9.517
2010-06-07,1 EUR,9.63
2010-06-08,1 EUR,9.6415
2010-06-09,1 EUR,9.62
2010-06-10,1 EUR,9.6035
2010-06-11,1 EUR,9.5595
2010-06-14,1 EUR,9.562
2010-06-15,1 EUR,9.6375
2010-06-16,1 EUR,9.582
2010-06-17,1 EUR,9.6195
2010-06-18,1 EUR,9.5615
2010-06-21,1 EUR,9.505
2010-06-22,1 EUR,9.532
2010-06-23,1 EUR,9.5285
2010-06-24,1 EUR,9.53
2010-06-28,1 EUR,9.548
2010-06-29,1 EUR,9.535
2010-06-30,1 EUR,9.5005
2010-07-01,1 EUR,9.5655
2010-07-02,1 EUR,9.604
2010-07-05,1 EUR,9.5825
2010-07-06,1 EUR,9.635
2010-07-07,1 EUR,9.6245
2010-07-08,1 EUR,9.5535
2010-07-09,1 EUR,9.5325
2010-07-12,1 EUR,9.4645
2010-07-13,1 EUR,9.417
2010-07-14,1 EUR,9.4145
2010-07-15,1 EUR,9.4125
2010-07-16,1 EUR,9.456
2010-07-19,1 EUR,9.529
2010-07-20,1 EUR,9.5075
2010-07-21,1 EUR,9.475
2010-07-22,1 EUR,9.45
2010-07-23,1 EUR,9.4105
2010-07-26,1 EUR,9.4655
2010-07-27,1 EUR,9.454
2010-07-28,1 EUR,9.4945
2010-07-29,1 EUR,9.479
2010-07-30,1 EUR,9.4495
2010-08-02,1 EUR,9.382
2010-08-03,1 EUR,9.3645
2010-08-04,1 EUR,9.3905
2010-08-05,1 EUR,9.4055
2010-08-06,1 EUR,9.3835
2010-08-09,1 EUR,9.401
2010-08-10,1 EUR,9.41
2010-08-11,1 EUR,9.471
2010-08-12,1 EUR,9.486
2010-08-13,1 EUR,9.477
2010-08-16,1 EUR,9.515
2010-08-17,1 EUR,9.4245
2010-08-18,1 EUR,9.4355
2010-08-19,1 EUR,9.443
2010-08-20,1 EUR,9.469
2010-08-23,1 EUR,9.413
2010-08-24,1 EUR,9.4045
2010-08-25,1 EUR,9.463
2010-08-26,1 EUR,9.412
2010-08-27,1 EUR,9.4005
2010-08-30,1 EUR,9.3955
2010-08-31,1 EUR,9.4015
2010-09-01,1 EUR,9.356
2010-09-02,1 EUR,9.336
2010-09-03,1 EUR,9.3045
2010-09-06,1 EUR,9.299
2010-09-07,1 EUR,9.3085
2010-09-08,1 EUR,9.2955
2010-09-09,1 EUR,9.2535
2010-09-10,1 EUR,9.2215
2010-09-13,1 EUR,9.1825
2010-09-14,1 EUR,9.2155
2010-09-15,1 EUR,9.206
2010-09-16,1 EUR,9.215
2010-09-17,1 EUR,9.2175
2010-09-20,1 EUR,9.2175
2010-09-21,1 EUR,9.1325
2010-09-22,1 EUR,9.121
2010-09-23,1 EUR,9.1935
2010-09-24,1 EUR,9.206
2010-09-27,1 EUR,9.162
2010-09-28,1 EUR,9.2615
2010-09-29,1 EUR,9.1465
2010-09-30,1 EUR,9.16
2010-10-01,1 EUR,9.157
2010-10-04,1 EUR,9.2495
2010-10-05,1 EUR,9.259
2010-10-06,1 EUR,9.2245
2010-10-07,1 EUR,9.334
2010-10-08,1 EUR,9.291
2010-10-11,1 EUR,9.26
2010-10-12,1 EUR,9.2635
2010-10-13,1 EUR,9.2615
2010-10-14,1 EUR,9.215
2010-10-15,1 EUR,9.2295
2010-10-18,1 EUR,9.278
2010-10-19,1 EUR,9.299
2010-10-20,1 EUR,9.3315
2010-10-21,1 EUR,9.2795
2010-10-22,1 EUR,9.28
2010-10-25,1 EUR,9.2075
2010-10-26,1 EUR,9.227
2010-10-27,1 EUR,9.3455
2010-10-28,1 EUR,9.315
2010-10-29,1 EUR,9.3985
2010-11-01,1 EUR,9.2845
2010-11-02,1 EUR,9.277
2010-11-03,1 EUR,9.335
2010-11-04,1 EUR,9.2875
2010-11-05,1 EUR,9.285
2010-11-08,1 EUR,9.2735
2010-11-09,1 EUR,9.35
2010-11-10,1 EUR,9.3115
2010-11-11,1 EUR,9.297
2010-11-12,1 EUR,9.3775
2010-11-15,1 EUR,9.4155
2010-11-16,1 EUR,9.351
2010-11-17,1 EUR,9.413
2010-11-18,1 EUR,9.371
2010-11-19,1 EUR,9.3865
2010-11-22,1 EUR,9.378
2010-11-23,1 EUR,9.3915
2010-11-24,1 EUR,9.3385
2010-11-25,1 EUR,9.279
2010-11-26,1 EUR,9.273
2010-11-29,1 EUR,9.2395
2010-11-30,1 EUR,9.1835
2010-12-01,1 EUR,9.137
2010-12-02,1 EUR,9.1665
2010-12-03,1 EUR,9.131
2010-12-06,1 EUR,9.1175
2010-12-07,1 EUR,9.1145
2010-12-08,1 EUR,9.149
2010-12-09,1 EUR,9.1165
2010-12-10,1 EUR,9.1205
2010-12-13,1 EUR,9.127
2010-12-14,1 EUR,9.149
2010-12-15,1 EUR,9.0965
2010-12-16,1 EUR,9.0665
2010-12-17,1 EUR,9.0095
2010-12-20,1 EUR,9.011
2010-12-21,1 EUR,8.987
2010-12-22,1 EUR,8.963
2010-12-23,1 EUR,8.9885
2010-12-27,1 EUR,8.9795
2010-12-28,1 EUR,8.9715
2010-12-29,1 EUR,8.991
2010-12-30,1 EUR,9.002
2011-01-03,1 EUR,8.95
2011-01-04,1 EUR,8.9585
2011-01-05,1 EUR,8.937
2011-01-07,1 EUR,8.9175
2011-01-10,1 EUR,8.934
2011-01-11,1 EUR,8.887
2011-01-12,1 EUR,8.875
2011-01-13,1 EUR,8.8655
2011-01-14,1 EUR,8.9735
2011-01-17,1 EUR,8.905
2011-01-18,1 EUR,8.904
2011-01-19,1 EUR,8.9275
2011-01-20,1 EUR,8.9245
2011-01-21,1 EUR,8.9905
2011-01-24,1 EUR,8.9705
2011-01-25,1 EUR,8.941
2011-01-26,1 EUR,8.9155
2011-01-27,1 EUR,8.8375
2011-01-28,1 EUR,8.8545
2011-01-31,1 EUR,8.898
2011-02-01,1 EUR,8.8065
2011-02-02,1 EUR,8.8215
2011-02-03,1 EUR,8.8745
2011-02-04,1 EUR,8.803
2011-02-07,1 EUR,8.8
2011-02-08,1 EUR,8.77
2011-02-09,1 EUR,8.7855
2011-02-10,1 EUR,8.825
2011-02-11,1 EUR,8.8265
2011-02-14,1 EUR,8.7855
2011-02-15,1 EUR,8.758
2011-02-16,1 EUR,8.7525
2011-02-17,1 EUR,8.729
2011-02-18,1 EUR,8.717
2011-02-21,1 EUR,8.7615
2011-02-22,1 EUR,8.8285
2011-02-23,1 EUR,8.792
2011-02-24,1 EUR,8.8175
2011-02-25,1 EUR,8.8135
2011-02-28,1 EUR,8.818
2011-03-01,1 EUR,8.7095
2011-03-02,1 EUR,8.7285
2011-03-03,1 EUR,8.746
2011-03-04,1 EUR,8.8135
2011-03-07,1 EUR,8.89
2011-03-08,1 EUR,8.872
2011-03-09,1 EUR,8.8335
2011-03-10,1 EUR,8.815
2011-03-11,1 EUR,8.8305
2011-03-14,1 EUR,8.851
2011-03-15,1 EUR,8.919
2011-03-16,1 EUR,8.958
2011-03-17,1 EUR,9.0105
2011-03-18,1 EUR,8.976
2011-03-21,1 EUR,8.881
2011-03-22,1 EUR,8.9145
2011-03-23,1 EUR,8.9395
2011-03-24,1 EUR,8.93
2011-03-25,1 EUR,8.9795
2011-03-28,1 EUR,9.0155
2011-03-29,1 EUR,8.9825
2011-03-30,1 EUR,8.9295
2011-03-31,1 EUR,8.938
2011-04-01,1 EUR,8.951
2011-04-04,1 EUR,8.9785
2011-04-05,1 EUR,9.0065
2011-04-06,1 EUR,9.007
2011-04-07,1 EUR,9.066
2011-04-08,1 EUR,9.0175
2011-04-11,1 EUR,8.978
2011-04-12,1 EUR,9.077
2011-04-13,1 EUR,9.0685
2011-04-14,1 EUR,9.031
2011-04-15,1 EUR,8.9685
2011-04-18,1 EUR,8.931
2011-04-19,1 EUR,8.9405
2011-04-20,1 EUR,8.9265
2011-04-21,1 EUR,8.9035
2011-04-26,1 EUR,8.9045
2011-04-27,1 EUR,8.923
2011-04-28,1 EUR,8.9725
2011-04-29,1 EUR,8.911
2011-05-02,1 EUR,8.9255
2011-05-03,1 EUR,8.912
2011-05-04,1 EUR,8.969
2011-05-05,1 EUR,9.028
2011-05-06,1 EUR,9.023
2011-05-09,1 EUR,8.9885
2011-05-10,1 EUR,8.9815
2011-05-11,1 EUR,8.9585
2011-05-12,1 EUR,8.974
2011-05-13,1 EUR,8.974
2011-05-16,1 EUR,9.01
2011-05-17,1 EUR,8.9975
2011-05-18,1 EUR,8.9895
2011-05-19,1 EUR,8.9855
2011-05-20,1 EUR,8.9485
2011-05-23,1 EUR,8.932
2011-05-24,1 EUR,8.9235
2011-05-25,1 EUR,8.936
2011-05-26,1 EUR,8.902
2011-05-27,1 EUR,8.893
2011-05-30,1 EUR,8.8975
2011-05-31,1 EUR,8.883
2011-06-01,1 EUR,8.881
2011-06-03,1 EUR,8.9925
2011-06-07,1 EUR,9.0065
2011-06-08,1 EUR,9.017
2011-06-09,1 EUR,9.0275
2011-06-10,1 EUR,9.082
2011-06-13,1 EUR,9.106
2011-06-14,1 EUR,9.1075
2011-06-15,1 EUR,9.1305
2011-06-16,1 EUR,9.1985
2011-06-17,1 EUR,9.1975
2011-06-20,1 EUR,9.1765
2011-06-21,1 EUR,9.1748
2011-06-22,1 EUR,9.1499
2011-06-23,1 EUR,9.1591
2011-06-27,1 EUR,9.2243
2011-06-28,1 EUR,9.2395
2011-06-29,1 EUR,9.2364
2011-06-30,1 EUR,9.1467
2011-07-01,1 EUR,9.1532
2011-07-04,1 EUR,9.0864
2011-07-05,1 EUR,9.074
2011-07-06,1 EUR,9.0574
2011-07-07,1 EUR,9.0907
2011-07-08,1 EUR,9.0738
2011-07-11,1 EUR,9.1129
2011-07-12,1 EUR,9.2563
2011-07-13,1 EUR,9.1918
2011-07-14,1 EUR,9.2015
2011-07-15,1 EUR,9.2156
2011-07-18,1 EUR,9.2487
2011-07-19,1 EUR,9.2155
2011-07-20,1 EUR,9.1964
2011-07-21,1 EUR,9.133
2011-07-22,1 EUR,9.0529
2011-07-25,1 EUR,9.1162
2011-07-26,1 EUR,9.0956
2011-07-27,1 EUR,9.0652
2011-07-28,1 EUR,9.0877
2011-07-29,1 EUR,9.0913
2011-08-01,1 EUR,9.036
2011-08-02,1 EUR,9.0015
2011-08-03,1 EUR,9.0938
2011-08-04,1 EUR,9.0946
2011-08-05,1 EUR,9.2294
2011-08-08,1 EUR,9.2582
2011-08-09,1 EUR,9.2135
2011-08-10,1 EUR,9.2559
2011-08-11,1 EUR,9.2877
2011-08-12,1 EUR,9.2729
2011-08-15,1 EUR,9.2544
2011-08-16,1 EUR,9.2722
2011-08-17,1 EUR,9.2034
2011-08-18,1 EUR,9.1517
2011-08-19,1 EUR,9.2463
2011-08-22,1 EUR,9.1974
2011-08-23,1 EUR,9.1257
2011-08-24,1 EUR,9.1434
2011-08-25,1 EUR,9.1221
2011-08-26,1 EUR,9.1054
2011-08-29,1 EUR,9.1117
2011-08-30,1 EUR,9.155
2011-08-31,1 EUR,9.168
2011-09-01,1 EUR,9.1218
2011-09-02,1 EUR,9.1473
2011-09-05,1 EUR,9.1031
2011-09-06,1 EUR,9.1114
2011-09-07,1 EUR,9.0048
2011-09-08,1 EUR,8.9648
2011-09-09,1 EUR,8.9139
2011-09-12,1 EUR,8.9521
2011-09-13,1 EUR,9.135
2011-09-14,1 EUR,9.1758
2011-09-15,1 EUR,9.2407
2011-09-16,1 EUR,9.1472
2011-09-19,1 EUR,9.1728
2011-09-20,1 EUR,9.15
2011-09-21,1 EUR,9.0878
2011-09-22,1 EUR,9.2296
2011-09-23,1 EUR,9.249
2011-09-26,1 EUR,9.3006
2011-09-27,1 EUR,9.2156
2011-09-28,1 EUR,9.1709
2011-09-29,1 EUR,9.234
2011-09-30,1 EUR,9.2688
2011-10-03,1 EUR,9.2071
2011-10-04,1 EUR,9.1325
2011-10-05,1 EUR,9.1331
2011-10-06,1 EUR,9.1466
2011-10-07,1 EUR,9.1407
2011-10-10,1 EUR,9.1189
2011-10-11,1 EUR,9.0939
2011-10-12,1 EUR,9.1252
2011-10-13,1 EUR,9.1052
2011-10-14,1 EUR,9.1648
2011-10-17,1 EUR,9.1221
2011-10-18,1 EUR,9.1773
2011-10-19,1 EUR,9.1229
2011-10-20,1 EUR,9.1118
2011-10-21,1 EUR,9.1054
2011-10-24,1 EUR,9.1008
2011-10-25,1 EUR,9.1113
2011-10-26,1 EUR,9.1133
2011-10-27,1 EUR,9.0601
2011-10-28,1 EUR,9.0135
2011-10-31,1 EUR,9.0241
2011-11-01,1 EUR,9.0469
2011-11-02,1 EUR,9.0751
2011-11-03,1 EUR,9.1043
2011-11-04,1 EUR,9.0887
2011-11-07,1 EUR,9.0885
2011-11-08,1 EUR,9.0539
2011-11-09,1 EUR,9.0374
2011-11-10,1 EUR,9.0806
2011-11-11,1 EUR,9.0868
2011-11-14,1 EUR,9.0883
2011-11-15,1 EUR,9.1305
2011-11-16,1 EUR,9.1295
2011-11-17,1 EUR,9.1524
2011-11-18,1 EUR,9.1623
2011-11-21,1 EUR,9.1591
2011-11-22,1 EUR,9.1959
2011-11-23,1 EUR,9.2277
2011-11-24,1 EUR,9.2308
2011-11-25,1 EUR,9.2676
2011-11-28,1 EUR,9.2644
2011-11-29,1 EUR,9.2587
2011-11-30,1 EUR,9.1914
2011-12-01,1 EUR,9.1285
2011-12-02,1 EUR,9.1031
2011-12-05,1 EUR,9.0489
2011-12-06,1 EUR,9.0557
2011-12-07,1 EUR,9.0299
2011-12-08,1 EUR,9.0211
2011-12-09,1 EUR,9.0566
2011-12-12,1 EUR,9.041
2011-12-13,1 EUR,9.0557
2011-12-14,1 EUR,9.0887
2011-12-15,1 EUR,9.0891
2011-12-16,1 EUR,9.0591
2011-12-19,1 EUR,9.0079
2011-12-20,1 EUR,8.9951
2011-12-21,1 EUR,8.956
2011-12-22,1 EUR,8.9832
2011-12-23,1 EUR,8.9591
2011-12-27,1 EUR,8.9478
2011-12-28,1 EUR,8.9417
2011-12-29,1 EUR,8.9477
2011-12-30,1 EUR,8.9447
2012-01-02,1 EUR,8.9101
2012-01-03,1 EUR,8.9207
2012-01-04,1 EUR,8.8996
2012-01-05,1 EUR,8.848
2012-01-09,1 EUR,8.829
2012-01-10,1 EUR,8.816
2012-01-11,1 EUR,8.8117
2012-01-12,1 EUR,8.8277
2012-01-13,1 EUR,8.8916
2012-01-16,1 EUR,8.8672
2012-01-17,1 EUR,8.84
2012-01-18,1 EUR,8.8175
2012-01-19,1 EUR,8.7957
2012-01-20,1 EUR,8.7743
2012-01-23,1 EUR,8.7729
2012-01-24,1 EUR,8.7818
2012-01-25,1 EUR,8.8166
2012-01-26,1 EUR,8.8553
2012-01-27,1 EUR,8.8871
2012-01-30,1 EUR,8.9149
2012-01-31,1 EUR,8.8975
2012-02-01,1 EUR,8.8755
2012-02-02,1 EUR,8.8488
2012-02-03,1 EUR,8.8519
2012-02-06,1 EUR,8.7923
2012-02-07,1 EUR,8.827
2012-02-08,1 EUR,8.841
2012-02-09,1 EUR,8.8278
2012-02-10,1 EUR,8.8185
2012-02-13,1 EUR,8.8055
2012-02-14,1 EUR,8.7905
2012-02-15,1 EUR,8.7848
2012-02-16,1 EUR,8.7884
2012-02-17,1 EUR,8.8219
2012-02-20,1 EUR,8.8374
2012-02-21,1 EUR,8.8139
2012-02-22,1 EUR,8.7953
2012-02-23,1 EUR,8.834
2012-02-24,1 EUR,8.8477
2012-02-27,1 EUR,8.8327
2012-02-28,1 EUR,8.8307
2012-02-29,1 EUR,8.8295
2012-03-01,1 EUR,8.8116
2012-03-02,1 EUR,8.8261
2012-03-05,1 EUR,8.823
2012-03-06,1 EUR,8.8588
2012-03-07,1 EUR,8.9194
2012-03-08,1 EUR,8.9221
2012-03-09,1 EUR,8.8966
2012-03-12,1 EUR,8.9218
2012-03-13,1 EUR,8.9211
2012-03-14,1 EUR,8.8717
2012-03-15,1 EUR,8.929
2012-03-16,1 EUR,8.8684
2012-03-19,1 EUR,8.8952
2012-03-20,1 EUR,8.9014
2012-03-21,1 EUR,8.9172
2012-03-22,1 EUR,8.9018
2012-03-23,1 EUR,8.9369
2012-03-26,1 EUR,8.9358
2012-03-27,1 EUR,8.9072
2012-03-28,1 EUR,8.8804
2012-03-29,1 EUR,8.8463
2012-03-30,1 EUR,8.8436
2012-04-02,1 EUR,8.8183
2012-04-03,1 EUR,8.7929
2012-04-04,1 EUR,8.7936
2012-04-05,1 EUR,8.8032
2012-04-10,1 EUR,8.8626
2012-04-11,1 EUR,8.908
2012-04-12,1 EUR,8.9073
2012-04-13,1 EUR,8.905
2012-04-16,1 EUR,8.8867
2012-04-17,1 EUR,8.8945
2012-04-18,1 EUR,8.8562
2012-04-19,1 EUR,8.834
2012-04-20,1 EUR,8.8419
2012-04-23,1 EUR,8.8467
2012-04-24,1 EUR,8.8795
2012-04-25,1 EUR,8.889
2012-04-26,1 EUR,8.8779
2012-04-27,1 EUR,8.8823
2012-04-30,1 EUR,8.9004
2012-05-02,1 EUR,8.8918
2012-05-03,1 EUR,8.8721
2012-05-04,1 EUR,8.894
2012-05-07,1 EUR,8.9219
2012-05-08,1 EUR,8.9068
2012-05-09,1 EUR,8.9074
2012-05-10,1 EUR,8.923
2012-05-11,1 EUR,9.0105
2012-05-14,1 EUR,9.0133
2012-05-15,1 EUR,9.037
2012-05-16,1 EUR,9.1575
2012-05-18,1 EUR,9.1427
2012-05-21,1 EUR,9.111
2012-05-22,1 EUR,9.097
2012-05-23,1 EUR,9.0769
2012-05-24,1 EUR,9.0005
2012-05-25,1 EUR,9.0025
2012-05-28,1 EUR,8.9995
2012-05-29,1 EUR,8.98
2012-05-30,1 EUR,8.9997
2012-05-31,1 EUR,8.9738
2012-06-01,1 EUR,8.9928
2012-06-04,1 EUR,9.0033
2012-06-05,1 EUR,8.9738
2012-06-07,1 EUR,9.0127
2012-06-08,1 EUR,8.9761
2012-06-11,1 EUR,8.9082
2012-06-12,1 EUR,8.8568
2012-06-13,1 EUR,8.8436
2012-06-14,1 EUR,8.8411
2012-06-15,1 EUR,8.8417
2012-06-18,1 EUR,8.8447
2012-06-19,1 EUR,8.8346
2012-06-20,1 EUR,8.8486
2012-06-21,1 EUR,8.8348
2012-06-25,1 EUR,8.8125
2012-06-26,1 EUR,8.8326
2012-06-27,1 EUR,8.8409
2012-06-28,1 EUR,8.8024
2012-06-29,1 EUR,8.766
2012-07-02,1 EUR,8.7614
2012-07-03,1 EUR,8.7248
2012-07-04,1 EUR,8.7397
2012-07-05,1 EUR,8.6608
2012-07-06,1 EUR,8.6281
2012-07-09,1 EUR,8.6382
2012-07-10,1 EUR,8.6074
2012-07-11,1 EUR,8.5509
2012-07-12,1 EUR,8.5815
2012-07-13,1 EUR,8.5706
2012-07-16,1 EUR,8.619
2012-07-17,1 EUR,8.637
2012-07-18,1 EUR,8.5563
2012-07-19,1 EUR,8.525
2012-07-20,1 EUR,8.5063
2012-07-23,1 EUR,8.4369
2012-07-24,1 EUR,8.4131
2012-07-25,1 EUR,8.4328
2012-07-26,1 EUR,8.4362
2012-07-27,1 EUR,8.429
2012-07-30,1 EUR,8.4406
2012-07-31,1 EUR,8.346
2012-08-01,1 EUR,8.3227
2012-08-02,1 EUR,8.2904
2012-08-03,1 EUR,8.2846
2012-08-06,1 EUR,8.3463
2012-08-07,1 EUR,8.3144
2012-08-08,1 EUR,8.3314
2012-08-09,1 EUR,8.2739
2012-08-10,1 EUR,8.2467
2012-08-13,1 EUR,8.2065
2012-08-14,1 EUR,8.24
2012-08-15,1 EUR,8.2686
2012-08-16,1 EUR,8.2268
2012-08-17,1 EUR,8.3048
2012-08-20,1 EUR,8.2485
2012-08-21,1 EUR,8.2415
2012-08-22,1 EUR,8.3042
2012-08-23,1 EUR,8.3354
2012-08-24,1 EUR,8.2799
2012-08-27,1 EUR,8.2674
2012-08-28,1 EUR,8.2146
2012-08-29,1 EUR,8.3393
2012-08-30,1 EUR,8.3661
2012-08-31,1 EUR,8.3515
2012-09-03,1 EUR,8.3922
2012-09-04,1 EUR,8.4192
2012-09-05,1 EUR,8.4443
2012-09-06,1 EUR,8.5165
2012-09-07,1 EUR,8.537
2012-09-10,1 EUR,8.4696
2012-09-11,1 EUR,8.4958
2012-09-12,1 EUR,8.4929
2012-09-13,1 EUR,8.5063
2012-09-14,1 EUR,8.5522
2012-09-17,1 EUR,8.6334
2012-09-18,1 EUR,8.623
2012-09-19,1 EUR,8.5586
2012-09-20,1 EUR,8.5035
2012-09-21,1 EUR,8.4871
2012-09-24,1 EUR,8.5157
2012-09-25,1 EUR,8.5034
2012-09-26,1 EUR,8.4832
2012-09-27,1 EUR,8.4888
2012-09-28,1 EUR,8.4384
2012-10-01,1 EUR,8.4608
2012-10-02,1 EUR,8.5021
2012-10-03,1 EUR,8.5766
2012-10-04,1 EUR,8.6229
2012-10-05,1 EUR,8.5981
2012-10-08,1 EUR,8.6037
2012-10-09,1 EUR,8.606
2012-10-10,1 EUR,8.6164
2012-10-11,1 EUR,8.6425
2012-10-12,1 EUR,8.6713
2012-10-15,1 EUR,8.6736
2012-10-16,1 EUR,8.6341
2012-10-17,1 EUR,8.6421
2012-10-18,1 EUR,8.5869
2012-10-19,1 EUR,8.5612
2012-10-22,1 EUR,8.5823
2012-10-23,1 EUR,8.6087
2012-10-24,1 EUR,8.6596
2012-10-25,1 EUR,8.6693
2012-10-26,1 EUR,8.6914
2012-10-29,1 EUR,8.6594
2012-10-30,1 EUR,8.6266
2012-10-31,1 EUR,8.6192
2012-11-01,1 EUR,8.6227
2012-11-02,1 EUR,8.6173
2012-11-05,1 EUR,8.5794
2012-11-06,1 EUR,8.5521
2012-11-07,1 EUR,8.5823
2012-11-08,1 EUR,8.5531
2012-11-09,1 EUR,8.5379
2012-11-12,1 EUR,8.5857
2012-11-13,1 EUR,8.5866
2012-11-14,1 EUR,8.6282
2012-11-15,1 EUR,8.6406
2012-11-16,1 EUR,8.6348
2012-11-19,1 EUR,8.6556
2012-11-20,1 EUR,8.627
2012-11-21,1 EUR,8.663
2012-11-22,1 EUR,8.6307
2012-11-23,1 EUR,8.5979
2012-11-26,1 EUR,8.6007
2012-11-27,1 EUR,8.5952
2012-11-28,1 EUR,8.6481
2012-11-29,1 EUR,8.6072
2012-11-30,1 EUR,8.6551
2012-12-03,1 EUR,8.6738
2012-12-04,1 EUR,8.6451
2012-12-05,1 EUR,8.6507
2012-12-06,1 EUR,8.6281
2012-12-07,1 EUR,8.6091
2012-12-10,1 EUR,8.6322
2012-12-11,1 EUR,8.6595
2012-12-12,1 EUR,8.6189
2012-12-13,1 EUR,8.718
2012-12-14,1 EUR,8.7381
2012-12-17,1 EUR,8.7671
2012-12-18,1 EUR,8.7371
2012-12-19,1 EUR,8.7204
2012-12-20,1 EUR,8.6655
2012-12-21,1 EUR,8.6158
2012-12-27,1 EUR,8.624
2012-12-28,1 EUR,8.6166
2013-01-02,1 EUR,8.5688
2013-01-03,1 EUR,8.5575
2013-01-04,1 EUR,8.5182
2013-01-07,1 EUR,8.5368
2013-01-08,1 EUR,8.5342
2013-01-09,1 EUR,8.5776
2013-01-10,1 EUR,8.5734
2013-01-11,1 EUR,8.61
2013-01-14,1 EUR,8.624
2013-01-15,1 EUR,8.6248
2013-01-16,1 EUR,8.6701
2013-01-17,1 EUR,8.6608
2013-01-18,1 EUR,8.6878
2013-01-21,1 EUR,8.6721
2013-01-22,1 EUR,8.6873
2013-01-23,1 EUR,8.6735
2013-01-24,1 EUR,8.6826
2013-01-25,1 EUR,8.6994
2013-01-28,1 EUR,8.6917
2013-01-29,1 EUR,8.6378
2013-01-30,1 EUR,8.5926
2013-01-31,1 EUR,8.622
2013-02-01,1 EUR,8.614
2013-02-04,1 EUR,8.5869
2013-02-05,1 EUR,8.5475
2013-02-06,1 EUR,8.5926
2013-02-07,1 EUR,8.6008
2013-02-08,1 EUR,8.5928
2013-02-11,1 EUR,8.5985
2013-02-12,1 EUR,8.566
2013-02-13,1 EUR,8.5397
2013-02-14,1 EUR,8.4578
2013-02-15,1 EUR,8.4458
2013-02-18,1 EUR,8.4571
2013-02-19,1 EUR,8.4538
2013-02-20,1 EUR,8.4435
2013-02-21,1 EUR,8.4259
2013-02-22,1 EUR,8.4577
2013-02-25,1 EUR,8.4556
2013-02-26,1 EUR,8.4677
2013-02-27,1 EUR,8.4334
2013-02-28,1 EUR,8.4554
2013-03-01,1 EUR,8.4147
2013-03-04,1 EUR,8.3769
2013-03-05,1 EUR,8.3419
2013-03-06,1 EUR,8.3169
2013-03-07,1 EUR,8.3166
2013-03-08,1 EUR,8.2977
2013-03-11,1 EUR,8.3315
2013-03-12,1 EUR,8.3291
2013-03-13,1 EUR,8.2876
2013-03-14,1 EUR,8.3392
2013-03-15,1 EUR,8.3572
2013-03-18,1 EUR,8.3453
2013-03-19,1 EUR,8.3421
2013-03-20,1 EUR,8.3292
2013-03-21,1 EUR,8.353
2013-03-22,1 EUR,8.3804
2013-03-25,1 EUR,8.4257
2013-03-26,1 EUR,8.3742
2013-03-27,1 EUR,8.3271
2013-03-28,1 EUR,8.3381
2013-04-02,1 EUR,8.3322
2013-04-03,1 EUR,8.3234
2013-04-04,1 EUR,8.3925
2013-04-05,1 EUR,8.4101
2013-04-08,1 EUR,8.3785
2013-04-09,1 EUR,8.3517
2013-04-10,1 EUR,8.3708
2013-04-11,1 EUR,8.3475
2013-04-12,1 EUR,8.3149
2013-04-15,1 EUR,8.3537
2013-04-16,1 EUR,8.3693
2013-04-17,1 EUR,8.4359
2013-04-18,1 EUR,8.4875
2013-04-19,1 EUR,8.5167
2013-04-22,1 EUR,8.5207
2013-04-23,1 EUR,8.5551
2013-04-24,1 EUR,8.6169
2013-04-25,1 EUR,8.5997
2013-04-26,1 EUR,8.5743
2013-04-29,1 EUR,8.5713
2013-04-30,1 EUR,8.5753
2013-05-02,1 EUR,8.5557
2013-05-03,1 EUR,8.5378
2013-05-06,1 EUR,8.5379
2013-05-07,1 EUR,8.5571
2013-05-08,1 EUR,8.5486
2013-05-10,1 EUR,8.567
2013-05-13,1 EUR,8.5769
2013-05-14,1 EUR,8.614
2013-05-15,1 EUR,8.6336
2013-05-16,1 EUR,8.5976
2013-05-17,1 EUR,8.5882
2013-05-20,1 EUR,8.6016
2013-05-21,1 EUR,8.5639
2013-05-22,1 EUR,8.5495
2013-05-23,1 EUR,8.565
2013-05-24,1 EUR,8.6232
2013-05-27,1 EUR,8.5969
2013-05-28,1 EUR,8.5968
2013-05-29,1 EUR,8.6048
2013-05-30,1 EUR,8.6034
2013-05-31,1 EUR,8.5792
2013-06-03,1 EUR,8.5921
2013-06-04,1 EUR,8.5581
2013-06-05,1 EUR,8.6108
2013-06-07,1 EUR,8.6641
2013-06-10,1 EUR,8.684
2013-06-11,1 EUR,8.7076
2013-06-12,1 EUR,8.7144
2013-06-13,1 EUR,8.7025
2013-06-14,1 EUR,8.659
2013-06-17,1 EUR,8.5954
2013-06-18,1 EUR,8.6414
2013-06-19,1 EUR,8.602
2013-06-20,1 EUR,8.5786
2013-06-24,1 EUR,8.7883
2013-06-25,1 EUR,8.8399
2013-06-26,1 EUR,8.7608
2013-06-27,1 EUR,8.7758
2013-06-28,1 EUR,8.7577
2013-07-01,1 EUR,8.6906
2013-07-02,1 EUR,8.7068
2013-07-03,1 EUR,8.7339
2013-07-04,1 EUR,8.6995
2013-07-05,1 EUR,8.6326
2013-07-08,1 EUR,8.7731
2013-07-09,1 EUR,8.7335
2013-07-10,1 EUR,8.7165
2013-07-11,1 EUR,8.6868
2013-07-12,1 EUR,8.6971
2013-07-15,1 EUR,8.7118
2013-07-16,1 EUR,8.7308
2013-07-17,1 EUR,8.6767
2013-07-18,1 EUR,8.6403
2013-07-19,1 EUR,8.6052
2013-07-22,1 EUR,8.5845
2013-07-23,1 EUR,8.527
2013-07-24,1 EUR,8.5386
2013-07-25,1 EUR,8.5866
2013-07-26,1 EUR,8.5913
2013-07-29,1 EUR,8.5922
2013-07-30,1 EUR,8.6157
2013-07-31,1 EUR,8.7106
2013-08-01,1 EUR,8.6783
2013-08-02,1 EUR,8.7329
2013-08-05,1 EUR,8.7505
2013-08-06,1 EUR,8.7264
2013-08-07,1 EUR,8.7375
2013-08-08,1 EUR,8.6897
2013-08-09,1 EUR,8.6846
2013-08-12,1 EUR,8.682
2013-08-13,1 EUR,8.6707
2013-08-14,1 EUR,8.6625
2013-08-15,1 EUR,8.6244
2013-08-16,1 EUR,8.6784
2013-08-19,1 EUR,8.6917
2013-08-20,1 EUR,8.6933
2013-08-21,1 EUR,8.7305
2013-08-22,1 EUR,8.7592
2013-08-23,1 EUR,8.7145
2013-08-26,1 EUR,8.6923
2013-08-27,1 EUR,8.7145
2013-08-28,1 EUR,8.662
2013-08-29,1 EUR,8.6958
2013-08-30,1 EUR,8.7278
2013-09-02,1 EUR,8.7445
2013-09-03,1 EUR,8.7141
2013-09-04,1 EUR,8.7237
2013-09-05,1 EUR,8.7231
2013-09-06,1 EUR,8.7449
2013-09-09,1 EUR,8.7433
2013-09-10,1 EUR,8.6975
2013-09-11,1 EUR,8.6804
2013-09-12,1 EUR,8.6764
2013-09-13,1 EUR,8.6731
2013-09-16,1 EUR,8.6994
2013-09-17,1 EUR,8.6654
2013-09-18,1 EUR,8.6406
2013-09-19,1 EUR,8.5962
2013-09-20,1 EUR,8.5709
2013-09-23,1 EUR,8.5983
2013-09-24,1 EUR,8.6142
2013-09-25,1 EUR,8.6415
2013-09-26,1 EUR,8.6818
2013-09-27,1 EUR,8.6759
2013-09-30,1 EUR,8.6757
2013-10-01,1 EUR,8.6261
2013-10-02,1 EUR,8.6298
2013-10-03,1 EUR,8.655
2013-10-04,1 EUR,8.6544
2013-10-07,1 EUR,8.7377
2013-10-08,1 EUR,8.6941
2013-10-09,1 EUR,8.7243
2013-10-10,1 EUR,8.749
2013-10-11,1 EUR,8.7908
2013-10-14,1 EUR,8.7843
2013-10-15,1 EUR,8.7549
2013-10-16,1 EUR,8.8023
2013-10-17,1 EUR,8.7779
2013-10-18,1 EUR,8.7657
2013-10-21,1 EUR,8.7836
2013-10-22,1 EUR,8.7606
2013-10-23,1 EUR,8.7833
2013-10-24,1 EUR,8.7919
2013-10-25,1 EUR,8.7505
2013-10-28,1 EUR,8.7243
2013-10-29,1 EUR,8.7685
2013-10-30,1 EUR,8.7775
2013-10-31,1 EUR,8.8025
2013-11-01,1 EUR,8.8094
2013-11-04,1 EUR,8.8036
2013-11-05,1 EUR,8.8056
2013-11-06,1 EUR,8.7805
2013-11-07,1 EUR,8.7794
2013-11-08,1 EUR,8.7774
2013-11-11,1 EUR,8.8173
2013-11-12,1 EUR,8.8531
2013-11-13,1 EUR,8.9473
2013-11-14,1 EUR,8.962
2013-11-15,1 EUR,8.9556
2013-11-18,1 EUR,8.9547
2013-11-19,1 EUR,8.9335
2013-11-20,1 EUR,8.9637
2013-11-21,1 EUR,8.9351
2013-11-22,1 EUR,8.9038
2013-11-25,1 EUR,8.9155
2013-11-26,1 EUR,8.8774
2013-11-27,1 EUR,8.9228
2013-11-28,1 EUR,8.9406
2013-11-29,1 EUR,8.9375
2013-12-02,1 EUR,8.8696
2013-12-03,1 EUR,8.8699
2013-12-04,1 EUR,8.8419
2013-12-05,1 EUR,8.8528
2013-12-06,1 EUR,8.876
2013-12-09,1 EUR,8.9234
2013-12-10,1 EUR,9.0018
2013-12-11,1 EUR,8.9982
2013-12-12,1 EUR,9.0388
2013-12-13,1 EUR,9.097
2013-12-16,1 EUR,9.025
2013-12-17,1 EUR,9.0421
2013-12-18,1 EUR,8.995
2013-12-19,1 EUR,8.9417
2013-12-20,1 EUR,8.9778
2013-12-23,1 EUR,8.9915
2013-12-27,1 EUR,8.9856
2013-12-30,1 EUR,8.943
2014-01-02,1 EUR,8.8855
2014-01-03,1 EUR,8.8825
2014-01-07,1 EUR,8.8684
2014-01-08,1 EUR,8.8922
2014-01-09,1 EUR,8.9376
2014-01-10,1 EUR,8.9015
2014-01-13,1 EUR,8.8688
2014-01-14,1 EUR,8.8643
2014-01-15,1 EUR,8.7978
2014-01-16,1 EUR,8.8008
2014-01-17,1 EUR,8.8097
2014-01-20,1 EUR,8.7757
2014-01-21,1 EUR,8.7955
2014-01-22,1 EUR,8.7957
2014-01-23,1 EUR,8.7704
2014-01-24,1 EUR,8.813
2014-01-27,1 EUR,8.8164
2014-01-28,1 EUR,8.7766
2014-01-29,1 EUR,8.7791
2014-01-30,1 EUR,8.8307
2014-01-31,1 EUR,8.8466
2014-02-03,1 EUR,8.8143
2014-02-04,1 EUR,8.8389
2014-02-05,1 EUR,8.8359
2014-02-06,1 EUR,8.8422
2014-02-07,1 EUR,8.829
2014-02-10,1 EUR,8.8451
2014-02-11,1 EUR,8.8282
2014-02-12,1 EUR,8.7799
2014-02-13,1 EUR,8.7741
2014-02-14,1 EUR,8.8361
2014-02-17,1 EUR,8.828
2014-02-18,1 EUR,8.8648
2014-02-19,1 EUR,8.9255
2014-02-20,1 EUR,8.9485
2014-02-21,1 EUR,8.9981
2014-02-24,1 EUR,8.9601
2014-02-25,1 EUR,8.9386
2014-02-26,1 EUR,8.9365
2014-02-27,1 EUR,8.9078
2014-02-28,1 EUR,8.901
2014-03-03,1 EUR,8.8562
2014-03-04,1 EUR,8.8774
2014-03-05,1 EUR,8.8677
2014-03-06,1 EUR,8.8252
2014-03-07,1 EUR,8.8662
2014-03-10,1 EUR,8.8659
2014-03-11,1 EUR,8.8476
2014-03-12,1 EUR,8.8474
2014-03-13,1 EUR,8.844
2014-03-14,1 EUR,8.8551
2014-03-17,1 EUR,8.885
2014-03-18,1 EUR,8.8606
2014-03-19,1 EUR,8.8232
2014-03-20,1 EUR,8.8514
2014-03-21,1 EUR,8.8431
2014-03-24,1 EUR,8.8628
2014-03-25,1 EUR,8.8604
2014-03-26,1 EUR,8.8799
2014-03-27,1 EUR,8.9147
2014-03-28,1 EUR,8.897
2014-03-31,1 EUR,8.9482
2014-04-01,1 EUR,8.8933
2014-04-02,1 EUR,8.9057
2014-04-03,1 EUR,8.9366
2014-04-04,1 EUR,8.9606
2014-04-07,1 EUR,8.9788
2014-04-08,1 EUR,8.9675
2014-04-09,1 EUR,8.9573
2014-04-10,1 EUR,9.0358
2014-04-11,1 EUR,9.0715
2014-04-14,1 EUR,9.0715
2014-04-15,1 EUR,9.0726
2014-04-16,1 EUR,9.0726
2014-04-17,1 EUR,9.1036
2014-04-22,1 EUR,9.1137
2014-04-23,1 EUR,9.0972
2014-04-24,1 EUR,9.0646
2014-04-25,1 EUR,9.1017
2014-04-28,1 EUR,9.1008
2014-04-29,1 EUR,9.0654
2014-04-30,1 EUR,9.0674
2014-05-02,1 EUR,9.0447
2014-05-05,1 EUR,9.0533
2014-05-06,1 EUR,9.0705
2014-05-07,1 EUR,9.0564
2014-05-08,1 EUR,9.0365
2014-05-09,1 EUR,9.0132
2014-05-12,1 EUR,9.0247
2014-05-13,1 EUR,9.0219
2014-05-14,1 EUR,8.9866
2014-05-15,1 EUR,8.9879
2014-05-16,1 EUR,9.0162
2014-05-19,1 EUR,9.0133
2014-05-20,1 EUR,9.0514
2014-05-21,1 EUR,9.0381
2014-05-22,1 EUR,8.9843
2014-05-23,1 EUR,9.0448
2014-05-26,1 EUR,9.0405
2014-05-27,1 EUR,9.042
2014-05-28,1 EUR,9.0339
2014-05-30,1 EUR,9.0616
2014-06-02,1 EUR,9.1038
2014-06-03,1 EUR,9.0988
2014-06-04,1 EUR,9.0837
2014-06-05,1 EUR,9.0454
2014-06-09,1 EUR,9.0649
2014-06-10,1 EUR,9.0777
2014-06-11,1 EUR,9.0606
2014-06-12,1 EUR,9.0553
2014-06-13,1 EUR,9.0438
2014-06-16,1 EUR,9.0125
2014-06-17,1 EUR,9.0034
2014-06-18,1 EUR,8.995
2014-06-19,1 EUR,9.0242
2014-06-23,1 EUR,9.1346
2014-06-24,1 EUR,9.1191
2014-06-25,1 EUR,9.1646
2014-06-26,1 EUR,9.1754
2014-06-27,1 EUR,9.1889
2014-06-30,1 EUR,9.1965
2014-07-01,1 EUR,9.1478
2014-07-02,1 EUR,9.1571
2014-07-03,1 EUR,9.2256
2014-07-04,1 EUR,9.3084
2014-07-07,1 EUR,9.3156
2014-07-08,1 EUR,9.2926
2014-07-09,1 EUR,9.2882
2014-07-10,1 EUR,9.2395
2014-07-11,1 EUR,9.235
2014-07-14,1 EUR,9.2507
2014-07-15,1 EUR,9.2539
2014-07-16,1 EUR,9.2583
2014-07-17,1 EUR,9.2308
2014-07-18,1 EUR,9.2367
2014-07-21,1 EUR,9.2518
2014-07-22,1 EUR,9.2612
2014-07-23,1 EUR,9.2185
2014-07-24,1 EUR,9.2209
2014-07-25,1 EUR,9.189
2014-07-28,1 EUR,9.1573
2014-07-29,1 EUR,9.1887
2014-07-30,1 EUR,9.218
2014-07-31,1 EUR,9.2284
2014-08-01,1 EUR,9.2179
2014-08-04,1 EUR,9.2232
2014-08-05,1 EUR,9.2182
2014-08-06,1 EUR,9.2262
2014-08-07,1 EUR,9.2391
2014-08-08,1 EUR,9.2549
2014-08-11,1 EUR,9.2359
2014-08-12,1 EUR,9.1978
2014-08-13,1 EUR,9.1935
2014-08-14,1 EUR,9.1917
2014-08-15,1 EUR,9.1675
2014-08-18,1 EUR,9.168
2014-08-19,1 EUR,9.1584
2014-08-20,1 EUR,9.1643
2014-08-21,1 EUR,9.1723
2014-08-22,1 EUR,9.1568
2014-08-25,1 EUR,9.1485
2014-08-26,1 EUR,9.1532
2014-08-27,1 EUR,9.1543
2014-08-28,1 EUR,9.1744
2014-08-29,1 EUR,9.1829
2014-09-01,1 EUR,9.2052
2014-09-02,1 EUR,9.1944
2014-09-03,1 EUR,9.2044
2014-09-04,1 EUR,9.213
2014-09-05,1 EUR,9.1552
2014-09-08,1 EUR,9.1837
2014-09-09,1 EUR,9.164
2014-09-10,1 EUR,9.203
2014-09-11,1 EUR,9.1808
2014-09-12,1 EUR,9.2254
2014-09-15,1 EUR,9.2549
2014-09-16,1 EUR,9.2285
2014-09-17,1 EUR,9.2231
2014-09-18,1 EUR,9.2088
2014-09-19,1 EUR,9.1774
2014-09-22,1 EUR,9.1742
2014-09-23,1 EUR,9.1828
2014-09-24,1 EUR,9.1855
2014-09-25,1 EUR,9.1809
2014-09-26,1 EUR,9.1924
2014-09-29,1 EUR,9.2057
2014-09-30,1 EUR,9.1815
2014-10-01,1 EUR,9.0899
2014-10-02,1 EUR,9.1046
2014-10-03,1 EUR,9.1068
2014-10-06,1 EUR,9.0823
2014-10-07,1 EUR,9.0791
2014-10-08,1 EUR,9.1203
2014-10-09,1 EUR,9.1269
2014-10-10,1 EUR,9.1585
2014-10-13,1 EUR,9.1349
2014-10-14,1 EUR,9.1025
2014-10-15,1 EUR,9.19
2014-10-16,1 EUR,9.1863
2014-10-17,1 EUR,9.1684
2014-10-20,1 EUR,9.1817
2014-10-21,1 EUR,9.2012
2014-10-22,1 EUR,9.2112
2014-10-23,1 EUR,9.196
2014-10-24,1 EUR,9.1906
2014-10-27,1 EUR,9.1989
2014-10-28,1 EUR,9.2801
2014-10-29,1 EUR,9.3492
2014-10-30,1 EUR,9.2945
2014-10-31,1 EUR,9.2364
2014-11-03,1 EUR,9.2366
2014-11-04,1 EUR,9.2764
2014-11-05,1 EUR,9.2746
2014-11-06,1 EUR,9.2221
2014-11-07,1 EUR,9.2067
2014-11-10,1 EUR,9.2175
2014-11-11,1 EUR,9.2122
2014-11-12,1 EUR,9.2196
2014-11-13,1 EUR,9.2338
2014-11-14,1 EUR,9.2522
2014-11-17,1 EUR,9.2653
2014-11-18,1 EUR,9.248
2014-11-19,1 EUR,9.2613
2014-11-20,1 EUR,9.2827
2014-11-21,1 EUR,9.2754
2014-11-24,1 EUR,9.2555
2014-11-25,1 EUR,9.2681
2014-11-26,1 EUR,9.2697
2014-11-27,1 EUR,9.2516
2014-11-28,1 EUR,9.2693
2014-12-01,1 EUR,9.2729
2014-12-02,1 EUR,9.2654
2014-12-03,1 EUR,9.274
2014-12-04,1 EUR,9.2623
2014-12-05,1 EUR,9.2924
2014-12-08,1 EUR,9.2876
2014-12-09,1 EUR,9.2952
2014-12-10,1 EUR,9.3182
2014-12-11,1 EUR,9.3629
2014-12-12,1 EUR,9.3733
2014-12-15,1 EUR,9.404
2014-12-16,1 EUR,9.5
2014-12-17,1 EUR,9.5263
2014-12-18,1 EUR,9.4443
2014-12-19,1 EUR,9.4773
2014-12-22,1 EUR,9.4809
2014-12-23,1 EUR,9.5199
2014-12-29,1 EUR,9.5057
2014-12-30,1 EUR,9.5155
2015-01-02,1 EUR,9.4323
2015-01-05,1 EUR,9.4905
2015-01-07,1 EUR,9.4197
2015-01-08,1 EUR,9.407
2015-01-09,1 EUR,9.49
2015-01-12,1 EUR,9.54
2015-01-13,1 EUR,9.5127
2015-01-14,1 EUR,9.5334
2015-01-15,1 EUR,9.5072
2015-01-16,1 EUR,9.4336
2015-01-19,1 EUR,9.3862
2015-01-20,1 EUR,9.4161
2015-01-21,1 EUR,9.441
2015-01-22,1 EUR,9.4631
2015-01-23,1 EUR,9.3768
2015-01-26,1 EUR,9.3266
2015-01-27,1 EUR,9.3419
2015-01-28,1 EUR,9.2948
2015-01-29,1 EUR,9.334
2015-01-30,1 EUR,9.3773
2015-02-02,1 EUR,9.3468
2015-02-03,1 EUR,9.3937
2015-02-04,1 EUR,9.4439
2015-02-05,1 EUR,9.3923
2015-02-06,1 EUR,9.4511
2015-02-09,1 EUR,9.5052
2015-02-10,1 EUR,9.4667
2015-02-11,1 EUR,9.4377
2015-02-12,1 EUR,9.5285
2015-02-13,1 EUR,9.6286
2015-02-16,1 EUR,9.5932
2015-02-17,1 EUR,9.5378
2015-02-18,1 EUR,9.5044
2015-02-19,1 EUR,9.5442
2015-02-20,1 EUR,9.5509
2015-02-23,1 EUR,9.5362
2015-02-24,1 EUR,9.5221
2015-02-25,1 EUR,9.5358
2015-02-26,1 EUR,9.4222
2015-02-27,1 EUR,9.3834
2015-03-02,1 EUR,9.3371
2015-03-03,1 EUR,9.3099
2015-03-04,1 EUR,9.2319
2015-03-05,1 EUR,9.2273
2015-03-06,1 EUR,9.1932
2015-03-09,1 EUR,9.2074
2015-03-10,1 EUR,9.1789
2015-03-11,1 EUR,9.1356
2015-03-12,1 EUR,9.0732
2015-03-13,1 EUR,9.1406
2015-03-16,1 EUR,9.1601
2015-03-17,1 EUR,9.1639
2015-03-18,1 EUR,9.1897
2015-03-19,1 EUR,9.2847
2015-03-20,1 EUR,9.2556
2015-03-23,1 EUR,9.3115
2015-03-24,1 EUR,9.3168
2015-03-25,1 EUR,9.2982
2015-03-26,1 EUR,9.3183
2015-03-27,1 EUR,9.3283
2015-03-30,1 EUR,9.3437
2015-03-31,1 EUR,9.2869
2015-04-01,1 EUR,9.2745
2015-04-02,1 EUR,9.3316
2015-04-07,1 EUR,9.352
2015-04-08,1 EUR,9.3888
2015-04-09,1 EUR,9.3439
2015-04-10,1 EUR,9.3213
2015-04-13,1 EUR,9.3654
2015-04-14,1 EUR,9.3305
2015-04-15,1 EUR,9.3367
2015-04-16,1 EUR,9.2718
2015-04-17,1 EUR,9.2506
2015-04-20,1 EUR,9.3152
2015-04-21,1 EUR,9.2973
2015-04-22,1 EUR,9.291
2015-04-23,1 EUR,9.3414
2015-04-24,1 EUR,9.3619
2015-04-27,1 EUR,9.3756
2015-04-28,1 EUR,9.3798
2015-04-29,1 EUR,9.3427
2015-04-30,1 EUR,9.2669
2015-05-04,1 EUR,9.364
2015-05-05,1 EUR,9.3097
2015-05-06,1 EUR,9.3476
2015-05-07,1 EUR,9.3269
2015-05-08,1 EUR,9.2721
2015-05-11,1 EUR,9.2377
2015-05-12,1 EUR,9.2746
2015-05-13,1 EUR,9.3211
2015-05-15,1 EUR,9.3825
2015-05-18,1 EUR,9.3731
2015-05-19,1 EUR,9.2885
2015-05-20,1 EUR,9.296
2015-05-21,1 EUR,9.2763
2015-05-22,1 EUR,9.2385
2015-05-25,1 EUR,9.2294
2015-05-26,1 EUR,9.2263
2015-05-27,1 EUR,9.2295
2015-05-28,1 EUR,9.2759
2015-05-29,1 EUR,9.2804
2015-06-01,1 EUR,9.3617
2015-06-02,1 EUR,9.3873
2015-06-03,1 EUR,9.3722
2015-06-04,1 EUR,9.3673
2015-06-05,1 EUR,9.3198
2015-06-08,1 EUR,9.346
2015-06-09,1 EUR,9.3633
2015-06-10,1 EUR,9.3498
2015-06-11,1 EUR,9.3109
2015-06-12,1 EUR,9.2497
2015-06-15,1 EUR,9.2274
2015-06-16,1 EUR,9.224
2015-06-17,1 EUR,9.2122
2015-06-18,1 EUR,9.1827
2015-06-22,1 EUR,9.2217
2015-06-23,1 EUR,9.212
2015-06-24,1 EUR,9.2424
2015-06-25,1 EUR,9.2311
2015-06-26,1 EUR,9.2466
2015-06-29,1 EUR,9.2533
2015-06-30,1 EUR,9.2173
2015-07-01,1 EUR,9.2244
2015-07-02,1 EUR,9.3021
2015-07-03,1 EUR,9.3658
2015-07-06,1 EUR,9.3711
2015-07-07,1 EUR,9.3594
2015-07-08,1 EUR,9.3748
2015-07-09,1 EUR,9.3786
2015-07-10,1 EUR,9.3991
2015-07-13,1 EUR,9.3867
2015-07-14,1 EUR,9.3524
2015-07-15,1 EUR,9.3877
2015-07-16,1 EUR,9.3181
2015-07-17,1 EUR,9.3147
2015-07-20,1 EUR,9.3799
2015-07-21,1 EUR,9.3493
2015-07-22,1 EUR,9.3569
2015-07-23,1 EUR,9.4063
2015-07-24,1 EUR,9.4104
2015-07-27,1 EUR,9.4517
2015-07-28,1 EUR,9.4441
2015-07-29,1 EUR,9.4923
2015-07-30,1 EUR,9.4755
2015-07-31,1 EUR,9.4338
2015-08-03,1 EUR,9.4641
2015-08-04,1 EUR,9.4901
2015-08-05,1 EUR,9.4765
2015-08-06,1 EUR,9.5004
2015-08-07,1 EUR,9.5605
2015-08-10,1 EUR,9.6169
2015-08-11,1 EUR,9.5984
2015-08-12,1 EUR,9.5687
2015-08-13,1 EUR,9.5394
2015-08-14,1 EUR,9.4449
2015-08-17,1 EUR,9.447
2015-08-18,1 EUR,9.4484
2015-08-19,1 EUR,9.4304
2015-08-20,1 EUR,9.4821
2015-08-21,1 EUR,9.5406
2015-08-24,1 EUR,9.531
2015-08-25,1 EUR,9.5627
2015-08-26,1 EUR,9.6418
2015-08-27,1 EUR,9.5723
2015-08-28,1 EUR,9.5231
2015-08-31,1 EUR,9.4917
2015-09-01,1 EUR,9.5338
2015-09-02,1 EUR,9.5206
2015-09-03,1 EUR,9.4416
2015-09-04,1 EUR,9.3874
2015-09-07,1 EUR,9.4273
2015-09-08,1 EUR,9.4408
2015-09-09,1 EUR,9.4108
2015-09-10,1 EUR,9.401
2015-09-11,1 EUR,9.4009
2015-09-14,1 EUR,9.3436
2015-09-15,1 EUR,9.3248
2015-09-16,1 EUR,9.3379
2015-09-17,1 EUR,9.345
2015-09-18,1 EUR,9.3447
2015-09-21,1 EUR,9.3345
2015-09-22,1 EUR,9.3307
2015-09-23,1 EUR,9.3566
2015-09-24,1 EUR,9.4149
2015-09-25,1 EUR,9.3841
2015-09-28,1 EUR,9.437
2015-09-29,1 EUR,9.4924
2015-09-30,1 EUR,9.4119
2015-10-01,1 EUR,9.3509
2015-10-02,1 EUR,9.3739
2015-10-05,1 EUR,9.3583
2015-10-06,1 EUR,9.3282
2015-10-07,1 EUR,9.2807
2015-10-08,1 EUR,9.288
2015-10-09,1 EUR,9.298
2015-10-12,1 EUR,9.3072
2015-10-13,1 EUR,9.2665
2015-10-14,1 EUR,9.2698
2015-10-15,1 EUR,9.2907
2015-10-16,1 EUR,9.367
2015-10-19,1 EUR,9.3595
2015-10-20,1 EUR,9.3907
2015-10-21,1 EUR,9.4316
2015-10-22,1 EUR,9.4237
2015-10-23,1 EUR,9.4062
2015-10-26,1 EUR,9.3742
2015-10-27,1 EUR,9.4031
2015-10-28,1 EUR,9.3936
2015-10-29,1 EUR,9.332
2015-10-30,1 EUR,9.3684
2015-11-02,1 EUR,9.3874
2015-11-03,1 EUR,9.3885
2015-11-04,1 EUR,9.3604
2015-11-05,1 EUR,9.3702
2015-11-06,1 EUR,9.4007
2015-11-09,1 EUR,9.3716
2015-11-10,1 EUR,9.3409
2015-11-11,1 EUR,9.3143
2015-11-12,1 EUR,9.3186
2015-11-13,1 EUR,9.3264
2015-11-16,1 EUR,9.3319
2015-11-17,1 EUR,9.3013
2015-11-18,1 EUR,9.3137
2015-11-19,1 EUR,9.291
2015-11-20,1 EUR,9.2972
2015-11-23,1 EUR,9.2722
2015-11-24,1 EUR,9.2867
2015-11-25,1 EUR,9.2929
2015-11-26,1 EUR,9.2705
2015-11-27,1 EUR,9.2688
2015-11-30,1 EUR,9.245
2015-12-01,1 EUR,9.2045
2015-12-02,1 EUR,9.2363
2015-12-03,1 EUR,9.2035
2015-12-04,1 EUR,9.2641
2015-12-07,1 EUR,9.2222
2015-12-08,1 EUR,9.2578
2015-12-09,1 EUR,9.2573
2015-12-10,1 EUR,9.2538
2015-12-11,1 EUR,9.3129
2015-12-14,1 EUR,9.3286
2015-12-15,1 EUR,9.3109
2015-12-16,1 EUR,9.2875
2015-12-17,1 EUR,9.2718
2015-12-18,1 EUR,9.2576
2015-12-21,1 EUR,9.2995
2015-12-22,1 EUR,9.2712
2015-12-23,1 EUR,9.2275
2015-12-28,1 EUR,9.212
2015-12-29,1 EUR,9.1667
2015-12-30,1 EUR,9.135
2016-01-04,1 EUR,9.1984
2016-01-05,1 EUR,9.1981
2016-01-07,1 EUR,9.251
2016-01-08,1 EUR,9.2424
2016-01-11,1 EUR,9.2676
2016-01-12,1 EUR,9.2724
2016-01-13,1 EUR,9.2459
2016-01-14,1 EUR,9.2718
2016-01-15,1 EUR,9.3051
2016-01-18,1 EUR,9.3587
2016-01-19,1 EUR,9.3124
2016-01-20,1 EUR,9.3587
2016-01-21,1 EUR,9.3473
2016-01-22,1 EUR,9.2949
2016-01-25,1 EUR,9.2813
2016-01-26,1 EUR,9.3031
2016-01-27,1 EUR,9.2687
2016-01-28,1 EUR,9.2701
2016-01-29,1 EUR,9.2806
2016-02-01,1 EUR,9.2923
2016-02-02,1 EUR,9.308
2016-02-03,1 EUR,9.3484
2016-02-04,1 EUR,9.3834
2016-02-05,1 EUR,9.3945
2016-02-08,1 EUR,9.4246
2016-02-09,1 EUR,9.4782
2016-02-10,1 EUR,9.493
2016-02-11,1 EUR,9.5223
2016-02-12,1 EUR,9.4635
2016-02-15,1 EUR,9.4507
2016-02-16,1 EUR,9.4603
2016-02-17,1 EUR,9.4597
2016-02-18,1 EUR,9.4484
2016-02-19,1 EUR,9.3908
2016-02-22,1 EUR,9.3817
2016-02-23,1 EUR,9.3632
2016-02-24,1 EUR,9.3527
2016-02-25,1 EUR,9.3508
2016-02-26,1 EUR,9.3685
2016-02-29,1 EUR,9.3342
2016-03-01,1 EUR,9.3363
2016-03-02,1 EUR,9.3609
2016-03-03,1 EUR,9.3608
2016-03-04,1 EUR,9.3397
2016-03-07,1 EUR,9.3258
2016-03-08,1 EUR,9.345
2016-03-09,1 EUR,9.3041
2016-03-10,1 EUR,9.2871
2016-03-11,1 EUR,9.3117
2016-03-14,1 EUR,9.2938
2016-03-15,1 EUR,9.2704
2016-03-16,1 EUR,9.2438
2016-03-17,1 EUR,9.213
2016-03-18,1 EUR,9.2641
2016-03-21,1 EUR,9.2625
2016-03-22,1 EUR,9.2656
2016-03-23,1 EUR,9.2372
2016-03-24,1 EUR,9.2467
2016-03-29,1 EUR,9.2704
2016-03-30,1 EUR,9.2456
2016-03-31,1 EUR,9.2323
2016-04-01,1 EUR,9.2523
2016-04-04,1 EUR,9.2533
2016-04-05,1 EUR,9.2502
2016-04-06,1 EUR,9.2501
2016-04-07,1 EUR,9.2901
2016-04-08,1 EUR,9.2708
2016-04-11,1 EUR,9.2822
2016-04-12,1 EUR,9.2378
2016-04-13,1 EUR,9.1851
2016-04-14,1 EUR,9.1952
2016-04-15,1 EUR,9.1732
2016-04-18,1 EUR,9.1856
2016-04-19,1 EUR,9.1803
2016-04-20,1 EUR,9.179
2016-04-21,1 EUR,9.1559
2016-04-22,1 EUR,9.1895
2016-04-25,1 EUR,9.1594
2016-04-26,1 EUR,9.1705
2016-04-27,1 EUR,9.1799
2016-04-28,1 EUR,9.1467
2016-04-29,1 EUR,9.1651
2016-05-02,1 EUR,9.1884
2016-05-03,1 EUR,9.1698
2016-05-04,1 EUR,9.2479
2016-05-06,1 EUR,9.2536
2016-05-09,1 EUR,9.2818
2016-05-10,1 EUR,9.2801
2016-05-11,1 EUR,9.2777
2016-05-12,1 EUR,9.301
2016-05-13,1 EUR,9.3195
2016-05-16,1 EUR,9.3199
2016-05-17,1 EUR,9.3329
2016-05-18,1 EUR,9.3363
2016-05-19,1 EUR,9.3652
2016-05-20,1 EUR,9.3496
2016-05-23,1 EUR,9.3407
2016-05-24,1 EUR,9.3579
2016-05-25,1 EUR,9.2707
2016-05-26,1 EUR,9.2737
2016-05-27,1 EUR,9.2686
2016-05-30,1 EUR,9.2783
2016-05-31,1 EUR,9.2732
2016-06-01,1 EUR,9.2767
2016-06-02,1 EUR,9.2892
2016-06-03,1 EUR,9.2773
2016-06-07,1 EUR,9.2288
2016-06-08,1 EUR,9.2288
2016-06-09,1 EUR,9.2428
2016-06-10,1 EUR,9.2751
2016-06-13,1 EUR,9.3379
2016-06-14,1 EUR,9.3318
2016-06-15,1 EUR,9.3183
2016-06-16,1 EUR,9.386
2016-06-17,1 EUR,9.373
2016-06-20,1 EUR,9.3496
2016-06-21,1 EUR,9.3384
2016-06-22,1 EUR,9.3265
2016-06-23,1 EUR,9.3233
2016-06-27,1 EUR,9.3953
2016-06-28,1 EUR,9.4137
2016-06-29,1 EUR,9.423
2016-06-30,1 EUR,9.4164
2016-07-01,1 EUR,9.3951
2016-07-04,1 EUR,9.3985
2016-07-05,1 EUR,9.4028
2016-07-06,1 EUR,9.4392
2016-07-07,1 EUR,9.4746
2016-07-08,1 EUR,9.4923
2016-07-11,1 EUR,9.4747
2016-07-12,1 EUR,9.4705
2016-07-13,1 EUR,9.4639
2016-07-14,1 EUR,9.419
2016-07-15,1 EUR,9.4578
2016-07-18,1 EUR,9.4532
2016-07-19,1 EUR,9.4755
2016-07-20,1 EUR,9.4883
2016-07-21,1 EUR,9.4727
2016-07-22,1 EUR,9.492
2016-07-25,1 EUR,9.5023
2016-07-26,1 EUR,9.5072
2016-07-27,1 EUR,9.5235
2016-07-28,1 EUR,9.5388
2016-07-29,1 EUR,9.5594
2016-08-01,1 EUR,9.5547
2016-08-02,1 EUR,9.5907
2016-08-03,1 EUR,9.5494
2016-08-04,1 EUR,9.5273
2016-08-05,1 EUR,9.4927
2016-08-08,1 EUR,9.5098
2016-08-09,1 EUR,9.5064
2016-08-10,1 EUR,9.4911
2016-08-11,1 EUR,9.432
2016-08-12,1 EUR,9.4289
2016-08-15,1 EUR,9.4571
2016-08-16,1 EUR,9.4761
2016-08-17,1 EUR,9.4792
2016-08-18,1 EUR,9.4817
2016-08-19,1 EUR,9.4843
2016-08-22,1 EUR,9.4939
2016-08-23,1 EUR,9.4758
2016-08-24,1 EUR,9.4663
2016-08-25,1 EUR,9.4709
2016-08-26,1 EUR,9.486
2016-08-29,1 EUR,9.4934
2016-08-30,1 EUR,9.4869
2016-08-31,1 EUR,9.5136
2016-09-01,1 EUR,9.5695
2016-09-02,1 EUR,9.5856
2016-09-05,1 EUR,9.5602
2016-09-06,1 EUR,9.5354
2016-09-07,1 EUR,9.5178
2016-09-08,1 EUR,9.4888
2016-09-09,1 EUR,9.5198
2016-09-12,1 EUR,9.5549
2016-09-13,1 EUR,9.543
2016-09-14,1 EUR,9.5523
2016-09-15,1 EUR,9.5665
2016-09-16,1 EUR,9.5386
2016-09-19,1 EUR,9.5627
2016-09-20,1 EUR,9.5717
2016-09-21,1 EUR,9.5894
2016-09-22,1 EUR,9.5775
2016-09-23,1 EUR,9.5735
2016-09-26,1 EUR,9.6034
2016-09-27,1 EUR,9.5895
2016-09-28,1 EUR,9.6137
2016-09-29,1 EUR,9.6185
2016-09-30,1 EUR,9.632
2016-10-03,1 EUR,9.6195
2016-10-04,1 EUR,9.5991
2016-10-05,1 EUR,9.6151
2016-10-06,1 EUR,9.6255
2016-10-07,1 EUR,9.6237
2016-10-10,1 EUR,9.6821
2016-10-11,1 EUR,9.6805
2016-10-12,1 EUR,9.7405
2016-10-13,1 EUR,9.757
2016-10-14,1 EUR,9.7036
2016-10-17,1 EUR,9.6982
2016-10-18,1 EUR,9.6916
2016-10-19,1 EUR,9.6959
2016-10-20,1 EUR,9.6902
2016-10-21,1 EUR,9.6971
2016-10-24,1 EUR,9.6918
2016-10-25,1 EUR,9.7009
2016-10-26,1 EUR,9.7317
2016-10-27,1 EUR,9.709
2016-10-28,1 EUR,9.8694
2016-10-31,1 EUR,9.8614
2016-11-01,1 EUR,9.8795
2016-11-02,1 EUR,9.9103
2016-11-03,1 EUR,9.8882
2016-11-04,1 EUR,9.9405
2016-11-07,1 EUR,9.9591
2016-11-08,1 EUR,9.9615
2016-11-09,1 EUR,9.9826
2016-11-10,1 EUR,9.8819
2016-11-11,1 EUR,9.8953
2016-11-14,1 EUR,9.831
2016-11-15,1 EUR,9.8229
2016-11-16,1 EUR,9.8386
2016-11-17,1 EUR,9.8418
2016-11-18,1 EUR,9.8197
2016-11-21,1 EUR,9.8105
2016-11-22,1 EUR,9.7909
2016-11-23,1 EUR,9.7899
2016-11-24,1 EUR,9.7789
2016-11-25,1 EUR,9.7759
2016-11-28,1 EUR,9.7938
2016-11-29,1 EUR,9.7654
2016-11-30,1 EUR,9.7497
2016-12-01,1 EUR,9.8005
2016-12-02,1 EUR,9.827
2016-12-05,1 EUR,9.787
2016-12-06,1 EUR,9.8255
2016-12-07,1 EUR,9.7767
2016-12-08,1 EUR,9.7667
2016-12-09,1 EUR,9.7084
2016-12-12,1 EUR,9.7158
2016-12-13,1 EUR,9.7275
2016-12-14,1 EUR,9.7414
2016-12-15,1 EUR,9.7379
2016-12-16,1 EUR,9.7971
2016-12-19,1 EUR,9.7698
2016-12-20,1 EUR,9.7358
2016-12-21,1 EUR,9.7024
2016-12-22,1 EUR,9.6243
2016-12-23,1 EUR,9.6351
2016-12-27,1 EUR,9.6317
2016-12-28,1 EUR,9.6382
2016-12-29,1 EUR,9.5755
2016-12-30,1 EUR,9.5669
2017-01-02,1 EUR,9.561
2017-01-03,1 EUR,9.5385
2017-01-04,1 EUR,9.5446
2017-01-05,1 EUR,9.5471
2017-01-09,1 EUR,9.5665
2017-01-10,1 EUR,9.5687
2017-01-11,1 EUR,9.5731
2017-01-12,1 EUR,9.5326
2017-01-13,1 EUR,9.4973
2017-01-16,1 EUR,9.4875
2017-01-17,1 EUR,9.4944
2017-01-18,1 EUR,9.5169
2017-01-19,1 EUR,9.523
2017-01-20,1 EUR,9.533
2017-01-23,1 EUR,9.497
2017-01-24,1 EUR,9.4956
2017-01-25,1 EUR,9.4903
2017-01-26,1 EUR,9.47
2017-01-27,1 EUR,9.4493
2017-01-30,1 EUR,9.4568
2017-01-31,1 EUR,9.4479
2017-02-01,1 EUR,9.4222
2017-02-02,1 EUR,9.4146
2017-02-03,1 EUR,9.4219
2017-02-06,1 EUR,9.4439
2017-02-07,1 EUR,9.4705
2017-02-08,1 EUR,9.4651
2017-02-09,1 EUR,9.4599
2017-02-10,1 EUR,9.4858
2017-02-13,1 EUR,9.4835
2017-02-14,1 EUR,9.4671
2017-02-15,1 EUR,9.4485
2017-02-16,1 EUR,9.4618
2017-02-17,1 EUR,9.4594
2017-02-20,1 EUR,9.4625
2017-02-21,1 EUR,9.4896
2017-02-22,1 EUR,9.4535
2017-02-23,1 EUR,9.4769
2017-02-24,1 EUR,9.5096
2017-02-27,1 EUR,9.5449
2017-02-28,1 EUR,9.5709
2017-03-01,1 EUR,9.5448
2017-03-02,1 EUR,9.5253
2017-03-03,1 EUR,9.5436
2017-03-06,1 EUR,9.5453
2017-03-07,1 EUR,9.5358
2017-03-08,1 EUR,9.5251
2017-03-09,1 EUR,9.5456
2017-03-10,1 EUR,9.5806
2017-03-13,1 EUR,9.5855
2017-03-14,1 EUR,9.5217
2017-03-15,1 EUR,9.5323
2017-03-16,1 EUR,9.5096
2017-03-17,1 EUR,9.4869
2017-03-20,1 EUR,9.4921
2017-03-21,1 EUR,9.486
2017-03-22,1 EUR,9.5193
2017-03-23,1 EUR,9.4923
2017-03-24,1 EUR,9.5216
2017-03-27,1 EUR,9.5272
2017-03-28,1 EUR,9.539
2017-03-29,1 EUR,9.555
2017-03-30,1 EUR,9.5536
2017-03-31,1 EUR,9.5464
2017-04-03,1 EUR,9.5138
2017-04-04,1 EUR,9.5586
2017-04-05,1 EUR,9.5906
2017-04-06,1 EUR,9.5768
2017-04-07,1 EUR,9.5892
2017-04-10,1 EUR,9.6057
2017-04-11,1 EUR,9.6234
2017-04-12,1 EUR,9.5878
2017-04-13,1 EUR,9.5659
2017-04-18,1 EUR,9.5781
2017-04-19,1 EUR,9.6065
2017-04-20,1 EUR,9.6076
2017-04-21,1 EUR,9.6348
2017-04-24,1 EUR,9.6126
2017-04-25,1 EUR,9.6157
2017-04-26,1 EUR,9.568
2017-04-27,1 EUR,9.568
2017-04-28,1 EUR,9.6222
2017-05-02,1 EUR,9.6516
2017-05-03,1 EUR,9.6232
2017-05-04,1 EUR,9.6291
2017-05-05,1 EUR,9.6957
2017-05-08,1 EUR,9.6571
2017-05-09,1 EUR,9.6551
2017-05-10,1 EUR,9.6722
2017-05-11,1 EUR,9.6476
2017-05-12,1 EUR,9.6589
2017-05-15,1 EUR,9.6537
2017-05-16,1 EUR,9.6956
2017-05-17,1 EUR,9.7391
2017-05-18,1 EUR,9.7452
2017-05-19,1 EUR,9.7666
2017-05-22,1 EUR,9.7558
2017-05-23,1 EUR,9.7686
2017-05-24,1 EUR,9.7421
2017-05-26,1 EUR,9.7311
2017-05-29,1 EUR,9.7167
2017-05-30,1 EUR,9.7425
2017-05-31,1 EUR,9.7552
2017-06-01,1 EUR,9.7621
2017-06-02,1 EUR,9.7491
2017-06-05,1 EUR,9.7374
2017-06-07,1 EUR,9.778
2017-06-08,1 EUR,9.7819
2017-06-09,1 EUR,9.776
2017-06-12,1 EUR,9.769
2017-06-13,1 EUR,9.7707
2017-06-14,1 EUR,9.7374
2017-06-15,1 EUR,9.7541
2017-06-16,1 EUR,9.7549
2017-06-19,1 EUR,9.7412
2017-06-20,1 EUR,9.7448
2017-06-21,1 EUR,9.7731
2017-06-22,1 EUR,9.7703
2017-06-26,1 EUR,9.7574
2017-06-27,1 EUR,9.7579
2017-06-28,1 EUR,9.7852
2017-06-29,1 EUR,9.7273
2017-06-30,1 EUR,9.6734
2017-07-03,1 EUR,9.6226
2017-07-04,1 EUR,9.6646
2017-07-05,1 EUR,9.6654
2017-07-06,1 EUR,9.6302
2017-07-07,1 EUR,9.6416
2017-07-10,1 EUR,9.6166
2017-07-11,1 EUR,9.6106
2017-07-12,1 EUR,9.6272
2017-07-13,1 EUR,9.586
2017-07-14,1 EUR,9.5385
2017-07-17,1 EUR,9.5341
2017-07-18,1 EUR,9.5189
2017-07-19,1 EUR,9.5659
2017-07-20,1 EUR,9.5667
2017-07-21,1 EUR,9.5885
2017-07-24,1 EUR,9.604
2017-07-25,1 EUR,9.5612
2017-07-26,1 EUR,9.5636
2017-07-27,1 EUR,9.579
2017-07-28,1 EUR,9.5616
2017-07-31,1 EUR,9.5408
2017-08-01,1 EUR,9.547
2017-08-02,1 EUR,9.5913
2017-08-03,1 EUR,9.5985
2017-08-04,1 EUR,9.6095
2017-08-07,1 EUR,9.594
2017-08-08,1 EUR,9.6086
2017-08-09,1 EUR,9.6102
2017-08-10,1 EUR,9.5893
2017-08-11,1 EUR,9.5798
2017-08-14,1 EUR,9.5966
2017-08-15,1 EUR,9.514
2017-08-16,1 EUR,9.48
2017-08-17,1 EUR,9.4983
2017-08-18,1 EUR,9.5276
2017-08-21,1 EUR,9.5272
2017-08-22,1 EUR,9.5264
2017-08-23,1 EUR,9.5333
2017-08-24,1 EUR,9.5107
2017-08-25,1 EUR,9.5248
2017-08-28,1 EUR,9.5069
2017-08-29,1 EUR,9.5455
2017-08-30,1 EUR,9.4994
2017-08-31,1 EUR,9.4839
2017-09-01,1 EUR,9.48
2017-09-04,1 EUR,9.4925
2017-09-05,1 EUR,9.4671
2017-09-06,1 EUR,9.4917
2017-09-07,1 EUR,9.5094
2017-09-08,1 EUR,9.5475
2017-09-11,1 EUR,9.5394
2017-09-12,1 EUR,9.5612
2017-09-13,1 EUR,9.5501
2017-09-14,1 EUR,9.5418
2017-09-15,1 EUR,9.5246
2017-09-18,1 EUR,9.5082
2017-09-19,1 EUR,9.5339
2017-09-20,1 EUR,9.5413
2017-09-21,1 EUR,9.5212
2017-09-22,1 EUR,9.5297
2017-09-25,1 EUR,9.5371
2017-09-26,1 EUR,9.5494
2017-09-27,1 EUR,9.5689
2017-09-28,1 EUR,9.5789
2017-09-29,1 EUR,9.5668
2017-10-02,1 EUR,9.6049
2017-10-03,1 EUR,9.578
2017-10-04,1 EUR,9.5381
2017-10-05,1 EUR,9.5284
2017-10-06,1 EUR,9.5335
2017-10-09,1 EUR,9.5298
2017-10-10,1 EUR,9.5353
2017-10-11,1 EUR,9.5298
2017-10-12,1 EUR,9.582
2017-10-13,1 EUR,9.5972
2017-10-16,1 EUR,9.588
2017-10-17,1 EUR,9.5719
2017-10-18,1 EUR,9.5951
2017-10-19,1 EUR,9.6195
2017-10-20,1 EUR,9.6236
2017-10-23,1 EUR,9.6209
2017-10-24,1 EUR,9.6377
2017-10-25,1 EUR,9.7004
2017-10-26,1 EUR,9.6949
2017-10-27,1 EUR,9.712
2017-10-30,1 EUR,9.6962
2017-10-31,1 EUR,9.7287
2017-11-01,1 EUR,9.7481
2017-11-02,1 EUR,9.7746
2017-11-03,1 EUR,9.7855
2017-11-06,1 EUR,9.7927
2017-11-07,1 EUR,9.7516
2017-11-08,1 EUR,9.7326
2017-11-09,1 EUR,9.7223
2017-11-10,1 EUR,9.7468
2017-11-13,1 EUR,9.7566
2017-11-14,1 EUR,9.8265
2017-11-15,1 EUR,9.9171
2017-11-16,1 EUR,9.9207
2017-11-17,1 EUR,9.9202
2017-11-20,1 EUR,9.9339
2017-11-21,1 EUR,10.012
2017-11-22,1 EUR,9.922
2017-11-23,1 EUR,9.8644
2017-11-24,1 EUR,9.8452
2017-11-27,1 EUR,9.8991
2017-11-28,1 EUR,9.9002
2017-11-29,1 EUR,9.9009
2017-11-30,1 EUR,9.9109
2017-12-01,1 EUR,9.984
2017-12-04,1 EUR,9.9504
2017-12-05,1 EUR,9.9942
2017-12-06,1 EUR,9.9329
2017-12-07,1 EUR,9.9488
2017-12-08,1 EUR,9.9831
2017-12-11,1 EUR,9.9873
2017-12-12,1 EUR,9.9603
2017-12-13,1 EUR,9.9111
2017-12-14,1 EUR,9.9369
2017-12-15,1 EUR,9.9374
2017-12-18,1 EUR,9.9822
2017-12-19,1 EUR,9.9392
2017-12-20,1 EUR,9.9282
2017-12-21,1 EUR,9.9679
2017-12-22,1 EUR,9.9387
2017-12-27,1 EUR,9.9019
2017-12-28,1 EUR,9.8397
2017-12-29,1 EUR,9.8497
2018-01-02,1 EUR,9.8107
2018-01-03,1 EUR,9.8428
2018-01-04,1 EUR,9.8146
2018-01-05,1 EUR,9.8237
2018-01-08,1 EUR,9.8143
2018-01-09,1 EUR,9.8121
2018-01-10,1 EUR,9.8042
2018-01-11,1 EUR,9.7821
2018-01-12,1 EUR,9.7895
2018-01-15,1 EUR,9.8404
2018-01-16,1 EUR,9.8245
2018-01-17,1 EUR,9.8387
2018-01-18,1 EUR,9.8108
2018-01-19,1 EUR,9.8282
2018-01-22,1 EUR,9.8323
2018-01-23,1 EUR,9.8309
2018-01-24,1 EUR,9.8459
2018-01-25,1 EUR,9.8167
2018-01-26,1 EUR,9.8138
2018-01-29,1 EUR,9.7783
2018-01-30,1 EUR,9.7708
2018-01-31,1 EUR,9.757
2018-02-01,1 EUR,9.7936
2018-02-02,1 EUR,9.8292
2018-02-05,1 EUR,9.8367
2018-02-06,1 EUR,9.86
2018-02-07,1 EUR,9.8558
2018-02-08,1 EUR,9.8986
2018-02-09,1 EUR,9.9547
2018-02-12,1 EUR,9.9162
2018-02-13,1 EUR,9.9254
2018-02-14,1 EUR,9.8948
2018-02-15,1 EUR,9.898
2018-02-16,1 EUR,9.9106
2018-02-19,1 EUR,9.8901
2018-02-20,1 EUR,9.9355
2018-02-21,1 EUR,9.972
2018-02-22,1 EUR,9.9919
2018-02-23,1 EUR,10.006
2018-02-26,1 EUR,10.0268
2018-02-27,1 EUR,10.0645
2018-02-28,1 EUR,10.0752
2018-03-01,1 EUR,10.092
2018-03-02,1 EUR,10.1285
2018-03-05,1 EUR,10.1729
2018-03-06,1 EUR,10.2006
2018-03-07,1 EUR,10.2076
2018-03-08,1 EUR,10.2267
2018-03-09,1 EUR,10.1579
2018-03-12,1 EUR,10.1616
2018-03-13,1 EUR,10.1617
2018-03-14,1 EUR,10.1628
2018-03-15,1 EUR,10.1103
2018-03-16,1 EUR,10.0901
2018-03-19,1 EUR,10.0925
2018-03-20,1 EUR,10.0806
2018-03-21,1 EUR,10.0809
2018-03-22,1 EUR,10.1072
2018-03-23,1 EUR,10.197
2018-03-26,1 EUR,10.1697
2018-03-27,1 EUR,10.1916
2018-03-28,1 EUR,10.2379
2018-03-29,1 EUR,10.2931
2018-04-03,1 EUR,10.3446
2018-04-04,1 EUR,10.2864
2018-04-05,1 EUR,10.296
2018-04-06,1 EUR,10.324
2018-04-09,1 EUR,10.2868
2018-04-10,1 EUR,10.2946
2018-04-11,1 EUR,10.2759
2018-04-12,1 EUR,10.3243
2018-04-13,1 EUR,10.385
2018-04-16,1 EUR,10.4212
2018-04-17,1 EUR,10.4331
2018-04-18,1 EUR,10.4
2018-04-19,1 EUR,10.3977
2018-04-20,1 EUR,10.3841
2018-04-23,1 EUR,10.3878
2018-04-24,1 EUR,10.3847
2018-04-25,1 EUR,10.4138
2018-04-26,1 EUR,10.4012
2018-04-27,1 EUR,10.4881
2018-04-30,1 EUR,10.5117
2018-05-02,1 EUR,10.6123
2018-05-03,1 EUR,10.6667
2018-05-04,1 EUR,10.5603
2018-05-07,1 EUR,10.5424
2018-05-08,1 EUR,10.5151
2018-05-09,1 EUR,10.4339
2018-05-11,1 EUR,10.2808
2018-05-14,1 EUR,10.2748
2018-05-15,1 EUR,10.2943
2018-05-16,1 EUR,10.295
2018-05-17,1 EUR,10.2715
2018-05-18,1 EUR,10.3083
2018-05-21,1 EUR,10.2809
2018-05-22,1 EUR,10.23
2018-05-23,1 EUR,10.2635
2018-05-24,1 EUR,10.2648
2018-05-25,1 EUR,10.2266
2018-05-28,1 EUR,10.2183
2018-05-29,1 EUR,10.2634
2018-05-30,1 EUR,10.3217
2018-05-31,1 EUR,10.2801
2018-06-01,1 EUR,10.2961
2018-06-04,1 EUR,10.2716
2018-06-05,1 EUR,10.2282
2018-06-07,1 EUR,10.2533
2018-06-08,1 EUR,10.2872
2018-06-11,1 EUR,10.2666
2018-06-12,1 EUR,10.1902
2018-06-13,1 EUR,10.1432
2018-06-14,1 EUR,10.1514
2018-06-15,1 EUR,10.1296
2018-06-18,1 EUR,10.2308
2018-06-19,1 EUR,10.3358
2018-06-20,1 EUR,10.3079
2018-06-21,1 EUR,10.2687
2018-06-25,1 EUR,10.3551
2018-06-26,1 EUR,10.3314
2018-06-27,1 EUR,10.3649
2018-06-28,1 EUR,10.3878
2018-06-29,1 EUR,10.4213
2018-07-02,1 EUR,10.4591
2018-07-03,1 EUR,10.391
2018-07-04,1 EUR,10.2549
2018-07-05,1 EUR,10.2251
2018-07-06,1 EUR,10.2572
2018-07-09,1 EUR,10.2301
2018-07-10,1 EUR,10.2572
2018-07-11,1 EUR,10.2992
2018-07-12,1 EUR,10.2882
2018-07-13,1 EUR,10.3555
2018-07-16,1 EUR,10.357
2018-07-17,1 EUR,10.3268
2018-07-18,1 EUR,10.3117
2018-07-19,1 EUR,10.3331
2018-07-20,1 EUR,10.3769
2018-07-23,1 EUR,10.373
2018-07-24,1 EUR,10.3568
2018-07-25,1 EUR,10.3027
2018-07-26,1 EUR,10.2655
2018-07-27,1 EUR,10.2674
2018-07-30,1 EUR,10.2521
2018-07-31,1 EUR,10.2644
2018-08-01,1 EUR,10.2852
2018-08-02,1 EUR,10.2774
2018-08-03,1 EUR,10.3298
2018-08-06,1 EUR,10.3026
2018-08-07,1 EUR,10.3337
2018-08-08,1 EUR,10.3459
2018-08-09,1 EUR,10.4091
2018-08-10,1 EUR,10.3785
2018-08-13,1 EUR,10.4351
2018-08-14,1 EUR,10.3962
2018-08-15,1 EUR,10.3865
2018-08-16,1 EUR,10.4425
2018-08-17,1 EUR,10.4552
2018-08-20,1 EUR,10.4659
2018-08-21,1 EUR,10.5218
2018-08-22,1 EUR,10.5362
2018-08-23,1 EUR,10.5007
2018-08-24,1 EUR,10.5692
2018-08-27,1 EUR,10.6081
2018-08-28,1 EUR,10.6495
2018-08-29,1 EUR,10.6978
2018-08-30,1 EUR,10.6847
2018-08-31,1 EUR,10.6372
2018-09-03,1 EUR,10.6048
2018-09-04,1 EUR,10.5539
2018-09-05,1 EUR,10.5416
2018-09-06,1 EUR,10.5692
2018-09-07,1 EUR,10.58
2018-09-10,1 EUR,10.4503
2018-09-11,1 EUR,10.4978
2018-09-12,1 EUR,10.4988
2018-09-13,1 EUR,10.4435
2018-09-14,1 EUR,10.5116
2018-09-17,1 EUR,10.5143
2018-09-18,1 EUR,10.3984
2018-09-19,1 EUR,10.3801
2018-09-20,1 EUR,10.3607
2018-09-21,1 EUR,10.3319
2018-09-24,1 EUR,10.3334
2018-09-25,1 EUR,10.3183
2018-09-26,1 EUR,10.352
2018-09-27,1 EUR,10.3477
2018-09-28,1 EUR,10.2945
2018-10-01,1 EUR,10.3196
2018-10-02,1 EUR,10.3666
2018-10-03,1 EUR,10.3939
2018-10-04,1 EUR,10.3818
2018-10-05,1 EUR,10.4346
2018-10-08,1 EUR,10.4405
2018-10-09,1 EUR,10.4539
2018-10-10,1 EUR,10.4488
2018-10-11,1 EUR,10.4398
2018-10-12,1 EUR,10.3827
2018-10-15,1 EUR,10.3922
2018-10-16,1 EUR,10.35
2018-10-17,1 EUR,10.304
2018-10-18,1 EUR,10.3223
2018-10-19,1 EUR,10.3277
2018-10-22,1 EUR,10.3397
2018-10-23,1 EUR,10.3368
2018-10-24,1 EUR,10.3523
2018-10-25,1 EUR,10.4093
2018-10-26,1 EUR,10.3773
2018-10-29,1 EUR,10.4156
2018-10-30,1 EUR,10.3926
2018-10-31,1 EUR,10.4039
2018-11-01,1 EUR,10.3109
2018-11-02,1 EUR,10.2967
2018-11-05,1 EUR,10.3215
2018-11-06,1 EUR,10.3351
2018-11-07,1 EUR,10.3298
2018-11-08,1 EUR,10.2703
2018-11-09,1 EUR,10.2787
2018-11-12,1 EUR,10.2816
2018-11-13,1 EUR,10.2511
2018-11-14,1 EUR,10.2728
2018-11-15,1 EUR,10.2623
2018-11-16,1 EUR,10.2723
2018-11-19,1 EUR,10.2794
2018-11-20,1 EUR,10.312
2018-11-21,1 EUR,10.3353
2018-11-22,1 EUR,10.3144
2018-11-23,1 EUR,10.3045
2018-11-26,1 EUR,10.28
2018-11-27,1 EUR,10.3015
2018-11-28,1 EUR,10.2767
2018-11-29,1 EUR,10.2823
2018-11-30,1 EUR,10.3431
2018-12-03,1 EUR,10.2714
2018-12-04,1 EUR,10.226
2018-12-05,1 EUR,10.2299
2018-12-06,1 EUR,10.1952
2018-12-07,1 EUR,10.2274
2018-12-10,1 EUR,10.3157
2018-12-11,1 EUR,10.3118
2018-12-12,1 EUR,10.3138
2018-12-13,1 EUR,10.3099
2018-12-14,1 EUR,10.2928
2018-12-17,1 EUR,10.2619
2018-12-18,1 EUR,10.2949
2018-12-19,1 EUR,10.3103
2018-12-20,1 EUR,10.2978
2018-12-21,1 EUR,10.276
2018-12-27,1 EUR,10.3281
2018-12-28,1 EUR,10.2753
2019-01-02,1 EUR,10.2131
2019-01-03,1 EUR,10.2476
2019-01-04,1 EUR,10.2543
2019-01-07,1 EUR,10.2224
2019-01-08,1 EUR,10.1874
2019-01-09,1 EUR,10.2098
2019-01-10,1 EUR,10.2593
2019-01-11,1 EUR,10.2216
2019-01-14,1 EUR,10.2486
2019-01-15,1 EUR,10.2539
2019-01-16,1 EUR,10.2262
2019-01-17,1 EUR,10.2893
2019-01-18,1 EUR,10.2617
2019-01-21,1 EUR,10.2479
2019-01-22,1 EUR,10.2524
2019-01-23,1 EUR,10.251
2019-01-24,1 EUR,10.2686
2019-01-25,1 EUR,10.2931
2019-01-28,1 EUR,10.3337
2019-01-29,1 EUR,10.3484
2019-01-30,1 EUR,10.3808
2019-01-31,1 EUR,10.3697
2019-02-01,1 EUR,10.3573
2019-02-04,1 EUR,10.3736
2019-02-05,1 EUR,10.4196
2019-02-06,1 EUR,10.4236
2019-02-07,1 EUR,10.4832
2019-02-08,1 EUR,10.4974
2019-02-11,1 EUR,10.493
2019-02-12,1 EUR,10.4805
2019-02-13,1 EUR,10.4805
2019-02-14,1 EUR,10.4394
2019-02-15,1 EUR,10.5129
2019-02-18,1 EUR,10.4737
2019-02-19,1 EUR,10.527
2019-02-20,1 EUR,10.563
2019-02-21,1 EUR,10.5806
2019-02-22,1 EUR,10.5981
2019-02-25,1 EUR,10.5712
2019-02-26,1 EUR,10.58
2019-02-27,1 EUR,10.5518
2019-02-28,1 EUR,10.5213
2019-03-01,1 EUR,10.5071
2019-03-04,1 EUR,10.5281
2019-03-05,1 EUR,10.5832
2019-03-06,1 EUR,10.5371
2019-03-07,1 EUR,10.5222
2019-03-08,1 EUR,10.6208
2019-03-11,1 EUR,10.5903
2019-03-12,1 EUR,10.5562
2019-03-13,1 EUR,10.5623
2019-03-14,1 EUR,10.5139
2019-03-15,1 EUR,10.4936
2019-03-18,1 EUR,10.4687
2019-03-19,1 EUR,10.4711
2019-03-20,1 EUR,10.4451
2019-03-21,1 EUR,10.426
2019-03-22,1 EUR,10.454
2019-03-25,1 EUR,10.4574
2019-03-26,1 EUR,10.4556
2019-03-27,1 EUR,10.4357
2019-03-28,1 EUR,10.4735
2019-03-29,1 EUR,10.4221
2019-04-01,1 EUR,10.3932
2019-04-02,1 EUR,10.427
2019-04-03,1 EUR,10.4225
2019-04-04,1 EUR,10.4245
2019-04-05,1 EUR,10.4119
2019-04-08,1 EUR,10.4342
2019-04-09,1 EUR,10.4233
2019-04-10,1 EUR,10.4182
2019-04-11,1 EUR,10.4303
2019-04-12,1 EUR,10.4746
2019-04-15,1 EUR,10.4745
2019-04-16,1 EUR,10.4754
2019-04-17,1 EUR,10.4412
2019-04-18,1 EUR,10.4553
2019-04-23,1 EUR,10.4968
2019-04-24,1 EUR,10.508
2019-04-25,1 EUR,10.5818
2019-04-26,1 EUR,10.6042
2019-04-29,1 EUR,10.6065
2019-04-30,1 EUR,10.6377
2019-05-02,1 EUR,10.6895
2019-05-03,1 EUR,10.6969
2019-05-06,1 EUR,10.7158
2019-05-07,1 EUR,10.7157
2019-05-08,1 EUR,10.7254
2019-05-09,1 EUR,10.7814
2019-05-10,1 EUR,10.8193
2019-05-13,1 EUR,10.8465
2019-05-14,1 EUR,10.7932
2019-05-15,1 EUR,10.7782
2019-05-16,1 EUR,10.7694
2019-05-17,1 EUR,10.7763
2019-05-20,1 EUR,10.7543
2019-05-21,1 EUR,10.7984
2019-05-22,1 EUR,10.7677
2019-05-23,1 EUR,10.7401
2019-05-24,1 EUR,10.7419
2019-05-27,1 EUR,10.6903
2019-05-28,1 EUR,10.6786
2019-05-29,1 EUR,10.7042
2019-05-31,1 EUR,10.6376
2019-06-03,1 EUR,10.6104
2019-06-04,1 EUR,10.6204
2019-06-05,1 EUR,10.6179
2019-06-07,1 EUR,10.6367
2019-06-10,1 EUR,10.6478
2019-06-11,1 EUR,10.6602
2019-06-12,1 EUR,10.7075
2019-06-13,1 EUR,10.7045
2019-06-14,1 EUR,10.6854
2019-06-17,1 EUR,10.6473
2019-06-18,1 EUR,10.6352
2019-06-19,1 EUR,10.6913
2019-06-20,1 EUR,10.6321
2019-06-24,1 EUR,10.6212
2019-06-25,1 EUR,10.5617
2019-06-26,1 EUR,10.5371
2019-06-27,1 EUR,10.543
2019-06-28,1 EUR,10.5581
2019-07-01,1 EUR,10.5381
2019-07-02,1 EUR,10.5528
2019-07-03,1 EUR,10.5256
2019-07-04,1 EUR,10.5184
2019-07-05,1 EUR,10.539
2019-07-08,1 EUR,10.5882
2019-07-09,1 EUR,10.6085
2019-07-10,1 EUR,10.6197
2019-07-11,1 EUR,10.5922
2019-07-12,1 EUR,10.5519
2019-07-15,1 EUR,10.554
2019-07-16,1 EUR,10.5327
2019-07-17,1 EUR,10.5302
2019-07-18,1 EUR,10.5171
2019-07-19,1 EUR,10.5018
2019-07-22,1 EUR,10.5299
2019-07-23,1 EUR,10.5619
2019-07-24,1 EUR,10.5577
2019-07-25,1 EUR,10.5106
2019-07-26,1 EUR,10.5447
2019-07-29,1 EUR,10.5743
2019-07-30,1 EUR,10.6291
2019-07-31,1 EUR,10.6671
2019-08-01,1 EUR,10.6818
2019-08-02,1 EUR,10.7192
2019-08-05,1 EUR,10.7265
2019-08-06,1 EUR,10.7521
2019-08-07,1 EUR,10.739
2019-08-08,1 EUR,10.7868
2019-08-09,1 EUR,10.7127
2019-08-12,1 EUR,10.7105
2019-08-13,1 EUR,10.7273
2019-08-14,1 EUR,10.6708
2019-08-15,1 EUR,10.7177
2019-08-16,1 EUR,10.7321
2019-08-19,1 EUR,10.7292
2019-08-20,1 EUR,10.7273
2019-08-21,1 EUR,10.7409
2019-08-22,1 EUR,10.6706
2019-08-23,1 EUR,10.7142
2019-08-26,1 EUR,10.7288
2019-08-27,1 EUR,10.7302
2019-08-28,1 EUR,10.7274
2019-08-29,1 EUR,10.7811
2019-08-30,1 EUR,10.8078
2019-09-02,1 EUR,10.7888
2019-09-03,1 EUR,10.8095
2019-09-04,1 EUR,10.7448
2019-09-05,1 EUR,10.714
2019-09-06,1 EUR,10.6877
2019-09-09,1 EUR,10.6323
2019-09-10,1 EUR,10.7191
2019-09-11,1 EUR,10.6887
2019-09-12,1 EUR,10.6396
2019-09-13,1 EUR,10.6651
2019-09-16,1 EUR,10.6417
2019-09-17,1 EUR,10.6553
2019-09-18,1 EUR,10.7273
2019-09-19,1 EUR,10.7502
2019-09-20,1 EUR,10.6949
2019-09-23,1 EUR,10.7039
2019-09-24,1 EUR,10.6837
2019-09-25,1 EUR,10.6607
2019-09-26,1 EUR,10.6774
2019-09-27,1 EUR,10.6708
2019-09-30,1 EUR,10.7287
2019-10-01,1 EUR,10.769
2019-10-02,1 EUR,10.8014
2019-10-03,1 EUR,10.8374
2019-10-04,1 EUR,10.8188
2019-10-07,1 EUR,10.8182
2019-10-08,1 EUR,10.8676
2019-10-09,1 EUR,10.9051
2019-10-10,1 EUR,10.9056
2019-10-11,1 EUR,10.8167
2019-10-14,1 EUR,10.8504
2019-10-15,1 EUR,10.8204
2019-10-16,1 EUR,10.8159
2019-10-17,1 EUR,10.8697
2019-10-18,1 EUR,10.7774
2019-10-21,1 EUR,10.7761
2019-10-22,1 EUR,10.7342
2019-10-23,1 EUR,10.739
2019-10-24,1 EUR,10.6746
2019-10-25,1 EUR,10.7426
2019-10-28,1 EUR,10.73
2019-10-29,1 EUR,10.7807
2019-10-30,1 EUR,10.8058
2019-10-31,1 EUR,10.7506
2019-11-01,1 EUR,10.7356
2019-11-04,1 EUR,10.6682
2019-11-05,1 EUR,10.679
2019-11-06,1 EUR,10.6839
2019-11-07,1 EUR,10.6495
2019-11-08,1 EUR,10.658
2019-11-11,1 EUR,10.7161
2019-11-12,1 EUR,10.6971
2019-11-13,1 EUR,10.7137
2019-11-14,1 EUR,10.7129
2019-11-15,1 EUR,10.6617
2019-11-18,1 EUR,10.6503
2019-11-19,1 EUR,10.6542
2019-11-20,1 EUR,10.7276
2019-11-21,1 EUR,10.6758
2019-11-22,1 EUR,10.6276
2019-11-25,1 EUR,10.5844
2019-11-26,1 EUR,10.5973
2019-11-27,1 EUR,10.5562
2019-11-28,1 EUR,10.5581
2019-11-29,1 EUR,10.5137
2019-12-02,1 EUR,10.5443
2019-12-03,1 EUR,10.5365
2019-12-04,1 EUR,10.5773
2019-12-05,1 EUR,10.5309
2019-12-06,1 EUR,10.5341
2019-12-09,1 EUR,10.518
2019-12-10,1 EUR,10.5565
2019-12-11,1 EUR,10.506
2019-12-12,1 EUR,10.4507
2019-12-13,1 EUR,10.4474
2019-12-16,1 EUR,10.4409
2019-12-17,1 EUR,10.4639
2019-12-18,1 EUR,10.4684
2019-12-19,1 EUR,10.4646
2019-12-20,1 EUR,10.46
2019-12-23,1 EUR,10.4497
2019-12-27,1 EUR,10.4489
2019-12-30,1 EUR,10.4336
2020-01-02,1 EUR,10.4625
2020-01-03,1 EUR,10.4962
2020-01-07,1 EUR,10.5218
2020-01-08,1 EUR,10.5116
2020-01-09,1 EUR,10.5069
2020-01-10,1 EUR,10.5458
2020-01-13,1 EUR,10.5743
2020-01-14,1 EUR,10.552
2020-01-15,1 EUR,10.5393
2020-01-16,1 EUR,10.5526
2020-01-17,1 EUR,10.5674
2020-01-20,1 EUR,10.5586
2020-01-21,1 EUR,10.5714
2020-01-22,1 EUR,10.5567
2020-01-23,1 EUR,10.5392
2020-01-24,1 EUR,10.5388
2020-01-27,1 EUR,10.5662
2020-01-28,1 EUR,10.6145
2020-01-29,1 EUR,10.5818
2020-01-30,1 EUR,10.6284
2020-01-31,1 EUR,10.6529
2020-02-03,1 EUR,10.6701
2020-02-04,1 EUR,10.6484
2020-02-05,1 EUR,10.5706
2020-02-06,1 EUR,10.5439
2020-02-07,1 EUR,10.5758
2020-02-10,1 EUR,10.566
2020-02-11,1 EUR,10.5428
2020-02-12,1 EUR,10.507
2020-02-13,1 EUR,10.4941
2020-02-14,1 EUR,10.495
2020-02-17,1 EUR,10.5289
2020-02-18,1 EUR,10.5506
2020-02-19,1 EUR,10.5822
2020-02-20,1 EUR,10.5895
2020-02-21,1 EUR,10.6031
2020-02-24,1 EUR,10.5862
2020-02-25,1 EUR,10.5623
2020-02-26,1 EUR,10.5751
2020-02-27,1 EUR,10.5827
2020-02-28,1 EUR,10.6621
2020-03-02,1 EUR,10.5533
2020-03-03,1 EUR,10.5698
2020-03-04,1 EUR,10.55
2020-03-05,1 EUR,10.5499
2020-03-06,1 EUR,10.5973
2020-03-09,1 EUR,10.7283
2020-03-10,1 EUR,10.7451
2020-03-11,1 EUR,10.7367
2020-03-12,1 EUR,10.7704
2020-03-13,1 EUR,10.9129
2020-03-16,1 EUR,10.799
2020-03-17,1 EUR,10.9161
2020-03-18,1 EUR,10.9268
2020-03-19,1 EUR,11.2265
2020-03-20,1 EUR,11.0467
2020-03-23,1 EUR,11.1672
2020-03-24,1 EUR,11.0299
2020-03-25,1 EUR,10.8823
2020-03-26,1 EUR,11.0162
2020-03-27,1 EUR,10.9763
2020-03-30,1 EUR,11.0187
2020-03-31,1 EUR,11.0832
2020-04-01,1 EUR,10.9377
2020-04-02,1 EUR,10.9461
2020-04-03,1 EUR,10.9627
2020-04-06,1 EUR,10.9519
2020-04-07,1 EUR,10.8885
2020-04-08,1 EUR,10.9571
2020-04-09,1 EUR,10.9078
2020-04-14,1 EUR,10.8821
2020-04-15,1 EUR,10.9446
2020-04-16,1 EUR,10.9289
2020-04-17,1 EUR,10.8641
2020-04-20,1 EUR,10.8706
2020-04-21,1 EUR,10.8882
2020-04-22,1 EUR,10.9559
2020-04-23,1 EUR,10.9264
2020-04-24,1 EUR,10.8422
2020-04-27,1 EUR,10.843
2020-04-28,1 EUR,10.8188
2020-04-29,1 EUR,10.6994
2020-04-30,1 EUR,10.7053
2020-05-04,1 EUR,10.833
2020-05-05,1 EUR,10.7118
2020-05-06,1 EUR,10.6278
2020-05-07,1 EUR,10.6094
2020-05-08,1 EUR,10.6047
2020-05-11,1 EUR,10.5952
2020-05-12,1 EUR,10.6545
2020-05-13,1 EUR,10.6116
2020-05-14,1 EUR,10.6354
2020-05-15,1 EUR,10.6037
2020-05-18,1 EUR,10.623
2020-05-19,1 EUR,10.5752
2020-05-20,1 EUR,10.5876
2020-05-22,1 EUR,10.5652
2020-05-25,1 EUR,10.5449
2020-05-26,1 EUR,10.5459
2020-05-27,1 EUR,10.5556
2020-05-28,1 EUR,10.5763
2020-05-29,1 EUR,10.517
2020-06-01,1 EUR,10.4435
2020-06-02,1 EUR,10.4312
2020-06-03,1 EUR,10.398
2020-06-04,1 EUR,10.4589
2020-06-05,1 EUR,10.3968
2020-06-08,1 EUR,10.3872
2020-06-09,1 EUR,10.421
2020-06-10,1 EUR,10.4238
2020-06-11,1 EUR,10.4781
2020-06-12,1 EUR,10.5143
2020-06-15,1 EUR,10.558
2020-06-16,1 EUR,10.5153
2020-06-17,1 EUR,10.5363
2020-06-18,1 EUR,10.5014
2020-06-22,1 EUR,10.5535
2020-06-23,1 EUR,10.5297
2020-06-24,1 EUR,10.5049
2020-06-25,1 EUR,10.5164
2020-06-26,1 EUR,10.4575
2020-06-29,1 EUR,10.4734
2020-06-30,1 EUR,10.4804
2020-07-01,1 EUR,10.4593
2020-07-02,1 EUR,10.4547
2020-07-03,1 EUR,10.4686
2020-07-06,1 EUR,10.5172
2020-07-07,1 EUR,10.4859
2020-07-08,1 EUR,10.4214
2020-07-09,1 EUR,10.407
2020-07-10,1 EUR,10.4142
2020-07-13,1 EUR,10.3957
2020-07-14,1 EUR,10.4128
2020-07-15,1 EUR,10.3624
2020-07-16,1 EUR,10.3681
2020-07-17,1 EUR,10.3369
2020-07-20,1 EUR,10.328
2020-07-21,1 EUR,10.2578
2020-07-22,1 EUR,10.2392
2020-07-23,1 EUR,10.2564
2020-07-24,1 EUR,10.297
2020-07-27,1 EUR,10.2895
2020-07-28,1 EUR,10.2814
2020-07-29,1 EUR,10.2725
2020-07-30,1 EUR,10.3134
2020-07-31,1 EUR,10.2946
2020-08-03,1 EUR,10.33
2020-08-04,1 EUR,10.2853
2020-08-05,1 EUR,10.2911
2020-08-06,1 EUR,10.2959
2020-08-07,1 EUR,10.3068
2020-08-10,1 EUR,10.297
2020-08-11,1 EUR,10.2695
2020-08-12,1 EUR,10.2757
2020-08-13,1 EUR,10.2617
2020-08-14,1 EUR,10.2741
2020-08-17,1 EUR,10.2893
2020-08-18,1 EUR,10.3092
2020-08-19,1 EUR,10.3183
2020-08-20,1 EUR,10.3251
2020-08-21,1 EUR,10.3372
2020-08-24,1 EUR,10.3618
2020-08-25,1 EUR,10.3621
2020-08-26,1 EUR,10.365
2020-08-27,1 EUR,10.3149
2020-08-28,1 EUR,10.2951
2020-08-31,1 EUR,10.2832
2020-09-01,1 EUR,10.3155
2020-09-02,1 EUR,10.3363
2020-09-03,1 EUR,10.3168
2020-09-04,1 EUR,10.3579
2020-09-07,1 EUR,10.3568
2020-09-08,1 EUR,10.3605
2020-09-09,1 EUR,10.3896
2020-09-10,1 EUR,10.3473
2020-09-11,1 EUR,10.3685
2020-09-14,1 EUR,10.3861
2020-09-15,1 EUR,10.4132
2020-09-16,1 EUR,10.4097
2020-09-17,1 EUR,10.403
2020-09-18,1 EUR,10.4076
2020-09-21,1 EUR,10.3871
2020-09-22,1 EUR,10.4211
2020-09-23,1 EUR,10.4452
2020-09-24,1 EUR,10.5359
2020-09-25,1 EUR,10.6204
2020-09-28,1 EUR,10.5987
2020-09-29,1 EUR,10.5553
2020-09-30,1 EUR,10.541
2020-10-01,1 EUR,10.4933
2020-10-02,1 EUR,10.4648
2020-10-05,1 EUR,10.4525
2020-10-06,1 EUR,10.4859
2020-10-07,1 EUR,10.5123
2020-10-08,1 EUR,10.4369
2020-10-09,1 EUR,10.4201
2020-10-12,1 EUR,10.3876
2020-10-13,1 EUR,10.392
2020-10-14,1 EUR,10.3645
2020-10-15,1 EUR,10.3937
2020-10-16,1 EUR,10.3749
2020-10-19,1 EUR,10.3454
2020-10-20,1 EUR,10.3982
2020-10-21,1 EUR,10.3405
2020-10-22,1 EUR,10.3644
2020-10-23,1 EUR,10.3553
2020-10-26,1 EUR,10.3765
2020-10-27,1 EUR,10.3328
2020-10-28,1 EUR,10.3117
2020-10-29,1 EUR,10.3945
2020-10-30,1 EUR,10.4015
2020-11-02,1 EUR,10.3841
2020-11-03,1 EUR,10.3746
2020-11-04,1 EUR,10.3562
2020-11-05,1 EUR,10.2941
2020-11-06,1 EUR,10.3068
2020-11-09,1 EUR,10.2481
2020-11-10,1 EUR,10.2012
2020-11-11,1 EUR,10.181
2020-11-12,1 EUR,10.179
2020-11-13,1 EUR,10.2144
2020-11-16,1 EUR,10.2546
2020-11-17,1 EUR,10.2179
2020-11-18,1 EUR,10.2078
2020-11-19,1 EUR,10.2227
2020-11-20,1 EUR,10.2122
2020-11-23,1 EUR,10.2063
2020-11-24,1 EUR,10.2006
2020-11-25,1 EUR,10.1604
2020-11-26,1 EUR,10.1553
2020-11-27,1 EUR,10.1594
2020-11-30,1 EUR,10.1579
2020-12-01,1 EUR,10.2064
2020-12-02,1 EUR,10.2668
2020-12-03,1 EUR,10.2743
2020-12-04,1 EUR,10.2666
2020-12-07,1 EUR,10.2823
2020-12-08,1 EUR,10.1953
2020-12-09,1 EUR,10.2473
2020-12-10,1 EUR,10.2483
2020-12-11,1 EUR,10.2549
2020-12-14,1 EUR,10.2252
2020-12-15,1 EUR,10.2169
2020-12-16,1 EUR,10.1718
2020-12-17,1 EUR,10.1645
2020-12-18,1 EUR,10.1298
2020-12-21,1 EUR,10.1787
2020-12-22,1 EUR,10.1042
2020-12-23,1 EUR,10.1164
2020-12-28,1 EUR,10.06
2020-12-29,1 EUR,10.1014
2020-12-30,1 EUR,10.0375
2021-01-04,1 EUR,10.053
2021-01-05,1 EUR,10.0774
2021-01-07,1 EUR,10.073
2021-01-08,1 EUR,10.0516
2021-01-11,1 EUR,10.0753
2021-01-12,1 EUR,10.0725
2021-01-13,1 EUR,10.074
2021-01-14,1 EUR,10.1203
2021-01-15,1 EUR,10.1107
2021-01-18,1 EUR,10.1476
2021-01-19,1 EUR,10.1265
2021-01-20,1 EUR,10.1343
2021-01-21,1 EUR,10.1012
2021-01-22,1 EUR,10.0846
2021-01-25,1 EUR,10.065
2021-01-26,1 EUR,10.0744
2021-01-27,1 EUR,10.0957
2021-01-28,1 EUR,10.135
2021-01-29,1 EUR,10.1263
2021-02-01,1 EUR,10.1431
2021-02-02,1 EUR,10.1473
2021-02-03,1 EUR,10.1138
2021-02-04,1 EUR,10.1126
2021-02-05,1 EUR,10.1184
2021-02-08,1 EUR,10.1011
2021-02-09,1 EUR,10.1162
2021-02-10,1 EUR,10.0557
2021-02-11,1 EUR,10.0897
2021-02-12,1 EUR,10.0957
2021-02-15,1 EUR,10.0437
2021-02-16,1 EUR,10.0435
2021-02-17,1 EUR,10.0412
2021-02-18,1 EUR,10.0264
2021-02-19,1 EUR,10.057
2021-02-22,1 EUR,10.0451
2021-02-23,1 EUR,10.0807
2021-02-24,1 EUR,10.0709
2021-02-25,1 EUR,10.0633
2021-02-26,1 EUR,10.0997
2021-03-01,1 EUR,10.1703
2021-03-02,1 EUR,10.1605
2021-03-03,1 EUR,10.135
2021-03-04,1 EUR,10.1576
2021-03-05,1 EUR,10.1834
2021-03-08,1 EUR,10.1741
2021-03-09,1 EUR,10.1588
2021-03-10,1 EUR,10.1309
2021-03-11,1 EUR,10.0996
2021-03-12,1 EUR,10.1421
2021-03-15,1 EUR,10.1612
2021-03-16,1 EUR,10.1534
2021-03-17,1 EUR,10.1309
2021-03-18,1 EUR,10.1339
2021-03-19,1 EUR,10.1415
2021-03-22,1 EUR,10.1884
2021-03-23,1 EUR,10.1763
2021-03-24,1 EUR,10.1912
2021-03-25,1 EUR,10.1794
2021-03-26,1 EUR,10.1863
2021-03-29,1 EUR,10.2046
2021-03-30,1 EUR,10.233
2021-03-31,1 EUR,10.2376
2021-04-01,1 EUR,10.2626
2021-04-06,1 EUR,10.2809
2021-04-07,1 EUR,10.2337
2021-04-08,1 EUR,10.2204
2021-04-09,1 EUR,10.1773
2021-04-12,1 EUR,10.1778
2021-04-13,1 EUR,10.2039
2021-04-14,1 EUR,10.1565
2021-04-15,1 EUR,10.1251
2021-04-16,1 EUR,10.106
2021-04-19,1 EUR,10.1041
2021-04-20,1 EUR,10.1039
2021-04-21,1 EUR,10.1495
2021-04-22,1 EUR,10.1163
2021-04-23,1 EUR,10.1273
2021-04-26,1 EUR,10.1259
2021-04-27,1 EUR,10.1235
2021-04-28,1 EUR,10.1266
2021-04-29,1 EUR,10.1146
